78700,Large,73,13.2903366088867,5.82472467422485,10.6435451507568,0.362333029508591,-0.990094721317291,0.0804009214043617,NULL,NULL
78700,Large,173,13.2740802764893,5.78565645217896,10.696005821228,0.363178044557571,-0.990846872329712,0.0810317993164063,NULL,NULL
78700,Large,287,13.2973098754883,5.80442523956299,10.7077970504761,0.360182404518127,-0.991229832172394,0.0814182311296463,NULL,NULL
78700,Large,394,13.283992767334,5.7815203666687,10.7176303863525,0.363186746835709,-0.990663111209869,0.0806545689702034,NULL,NULL
78700,Large,500,13.2731332778931,5.75921249389648,10.6905755996704,0.363546550273895,-0.991760611534119,0.0816913619637489,NULL,NULL
78700,Large,612,13.2999391555786,5.7855339050293,10.6497783660889,0.361794680356979,-0.990692436695099,0.0805988982319832,NULL,NULL
78700,Large,718,13.2911977767944,5.7690110206604,10.7137441635132,0.362844854593277,-0.990190029144287,0.0812057182192802,NULL,NULL
78700,Large,832,13.2660474777222,5.77958488464355,10.7122106552124,0.361510455608368,-0.992733180522919,0.0790851935744286,NULL,NULL
78700,Large,939,13.6544609069824,5.42453479766846,10.6461544036865,0.38686603307724,-0.952150821685791,0.060618095099926,NULL,NULL
78700,Large,1051,12.3861627578735,4.07369422912598,9.40943813323975,0.557080686092377,-1.01832389831543,0.075559675693512,NULL,NULL
78700,Large,1157,11.0827569961548,4.55032110214233,10.7502031326294,0.486907750368118,-1.09650564193726,0.109392449259758,NULL,NULL
78700,Large,1269,14.0378274917603,6.79252147674561,10.8853015899658,0.330068379640579,-0.95006000995636,0.0662904903292656,NULL,NULL
78700,Large,1376,13.7366142272949,7.11213970184326,10.5426006317139,0.306629657745361,-0.969606876373291,0.0736259073019028,NULL,NULL
78700,Large,1483,14.3630151748657,6.35597324371338,9.87770652770996,0.33809158205986,-0.936655521392822,0.0609237961471081,NULL,NULL
78700,Large,1595,12.499059677124,5.49343967437744,10.7879180908203,0.396273195743561,-1.03925490379333,0.0930482149124146,NULL,NULL
78700,Large,1701,13.0875120162964,6.19609069824219,10.3001470565796,0.338803827762604,-1.00516283512115,0.0833329558372498,NULL,NULL
78700,Large,2700,13.2556066513062,5.79503870010376,10.765007019043,0.382567793130875,-0.994048774242401,0.0783104971051216,NULL,NULL
78700,Large,2814,13.363374710083,6.24770164489746,10.6532526016235,0.341266512870789,-0.990037560462952,0.0796202272176743,NULL,NULL
78700,Large,2921,13.2947063446045,5.97936534881592,10.5333909988403,0.360367000102997,-0.992022454738617,0.0774117112159729,NULL,NULL
78700,Large,3032,13.0828218460083,5.74466371536255,10.8571691513062,0.386753141880035,-1.00218021869659,0.0802547410130501,NULL,NULL
78700,Large,3139,13.2834243774414,5.76947784423828,10.6361284255981,0.383831262588501,-0.991761028766632,0.0766303017735481,NULL,NULL
78700,Large,3246,13.478907585144,5.93176651000977,10.547926902771,0.371276468038559,-0.983049929141998,0.0754373222589493,NULL,NULL
78700,Large,3360,13.4842586517334,6.13701915740967,10.347713470459,0.354314118623734,-0.979357123374939,0.0753139108419418,NULL,NULL
78700,Large,1813,12.8991975784302,6.95576286315918,10.2380714416504,0.284619867801666,-1.02405774593353,0.0917838290333748,NULL,NULL
78700,Large,1920,13.9189300537109,6.12239027023315,10.2540054321289,0.34944212436676,-0.958324790000916,0.0689929947257042,NULL,NULL
78700,Large,2034,13.3968524932861,5.53647899627686,10.6662902832031,0.40200611948967,-0.984733402729034,0.073689877986908,NULL,NULL
78700,Large,2140,13.2760124206543,4.7451000213623,10.5372142791748,0.450782984495163,-0.98504650592804,0.0716002359986305,NULL,NULL
78700,Large,2252,13.1758251190186,5.27003574371338,10.3293180465698,0.408039689064026,-0.994044423103333,0.077598474919796,NULL,NULL
78700,Large,2358,13.5332736968994,6.0395073890686,10.6989126205444,0.36476069688797,-0.982051372528076,0.0772897973656654,NULL,NULL
78700,Large,2465,13.4749135971069,6.09426355361938,10.7665948867798,0.348997533321381,-0.98540598154068,0.0749353766441345,NULL,NULL
78700,Large,2579,13.5041780471802,5.97950124740601,10.5807332992554,0.363278955221176,-0.981007754802704,0.0748421251773834,NULL,NULL
78700,Large,3466,12.9442825317383,5.91060352325439,10.8978490829468,0.376629382371902,-1.00986003875732,0.0822988450527191,NULL,NULL
78700,Large,3578,13.272313117981,5.89902067184448,10.7418880462646,0.377545863389969,-0.994582056999207,0.0778111144900322,NULL,NULL
78700,Large,3684,13.4107656478882,6.08510303497314,10.6746120452881,0.359051167964935,-0.984977900981903,0.0763968750834465,NULL,NULL
78700,Large,3798,13.3001737594604,6.10813760757446,10.5268459320068,0.354647159576416,-0.995765388011932,0.0783263072371483,NULL,NULL
78700,Large,3905,13.1644411087036,6.20890378952026,11.2844858169556,0.355122357606888,-1.00314700603485,0.0814081132411957,NULL,NULL
78700,Large,4011,13.1458168029785,5.99096632003784,10.6434087753296,0.365067452192307,-1.00293517112732,0.0805687233805656,NULL,NULL
78700,Large,4123,13.274829864502,5.92865705490112,10.4046802520752,0.363842964172363,-0.995777726173401,0.0792179778218269,NULL,NULL
78700,Large,4229,13.1489496231079,6.08420181274414,11.3177042007446,0.362106472253799,-1.00367426872253,0.0843381211161613,NULL,NULL
78700,Large,4343,13.1200761795044,6.34857749938965,11.574782371521,0.345860332250595,-1.00525104999542,0.0807702615857124,NULL,NULL
78700,Large,4450,13.0384836196899,6.53292560577393,10.8299398422241,0.321348667144775,-1.01723146438599,0.0877742096781731,NULL,NULL
78700,Large,4562,12.9576034545898,6.71367979049683,10.0847949981689,0.303937077522278,-1.02141678333282,0.0856844484806061,NULL,NULL
78700,Large,4668,13.7079277038574,6.11149549484253,10.6241617202759,0.375228315591812,-0.967126548290253,0.0691806301474571,NULL,NULL
78700,Large,4801,13.5866956710815,5.73234796524048,11.5211811065674,0.404745191335678,-0.968031883239746,0.0638003572821617,NULL,NULL
78700,Large,4901,13.6528034210205,5.97604942321777,11.2493953704834,0.394891232252121,-0.967386543750763,0.0670123621821404,NULL,NULL
78700,Large,5013,13.0982713699341,5.79362773895264,9.92163848876953,0.372776746749878,-1.0077897310257,0.0846801549196243,NULL,NULL
78700,Large,5120,13.6713666915894,6.19782972335815,10.2719135284424,0.357325196266174,-0.972198665142059,0.0686032399535179,NULL,NULL
78700,Large,5227,13.5815315246582,5.5042405128479,10.3136777877808,0.414184302091599,-0.972154855728149,0.0659538581967354,NULL,NULL
78700,Large,5339,13.5427055358887,5.16205406188965,10.4573945999146,0.443945050239563,-0.974855959415436,0.0651780515909195,NULL,NULL
78700,Large,5451,13.3628816604614,5.6604118347168,10.4296169281006,0.404317259788513,-0.988358318805695,0.070394940674305,NULL,NULL
78700,Large,5557,13.4766654968262,6.15185022354126,10.6003952026367,0.36846712231636,-0.981612861156464,0.070559099316597,NULL,NULL
78700,Large,5664,13.3712844848633,6.28080749511719,10.5671625137329,0.359198898077011,-0.992053866386414,0.0725982934236526,NULL,NULL
78700,Large,5778,13.1577281951904,6.13714170455933,10.2480936050415,0.360753893852234,-1.00219523906708,0.0760367065668106,NULL,NULL
78700,Large,5884,13.0685272216797,6.51536178588867,10.5869178771973,0.332130670547485,-1.01285362243652,0.0801681131124496,NULL,NULL
78700,Large,5996,12.8527612686157,6.47384166717529,10.4384660720825,0.336913168430328,-1.02777409553528,0.0845053493976593,NULL,NULL
78700,Large,6102,13.5446748733521,6.18573713302612,10.5477914810181,0.361726969480515,-0.986169338226318,0.0672640204429626,NULL,NULL
78700,Large,6216,13.2790012359619,5.44176864624023,10.4583263397217,0.423851847648621,-0.991383492946625,0.0722994729876518,NULL,NULL
78700,Large,6323,13.1971302032471,5.68901681900024,11.0112047195435,0.409548163414001,-0.999169051647186,0.0716882795095444,NULL,NULL
78700,Large,6429,13.1697378158569,6.26420783996582,10.45738697052,0.353918850421906,-1.01044034957886,0.0744037926197052,NULL,NULL
78700,Large,6541,13.3868522644043,6.52123498916626,10.9598264694214,0.348539412021637,-0.988524317741394,0.071008674800396,NULL,NULL
78700,Large,6647,13.6738710403442,6.26302051544189,10.5467109680176,0.371117532253265,-0.976260304450989,0.064670242369175,NULL,NULL
78700,Large,6761,13.262354850769,5.93196058273315,10.9666109085083,0.391131222248077,-0.997817814350128,0.0687451884150505,NULL,NULL
78700,Large,6868,13.2984638214111,5.84421396255493,10.4902591705322,0.391994029283524,-0.994193255901337,0.0724139809608459,NULL,NULL
78700,Large,6980,13.3245058059692,6.17148876190186,10.7157649993896,0.373031437397003,-0.993400752544403,0.0694302767515183,NULL,NULL
78700,Large,7086,13.3385972976685,6.28670167922974,10.3503913879395,0.359897762537003,-0.992478311061859,0.0716847106814384,NULL,NULL
78700,Large,7198,13.3626441955566,6.27206659317017,11.0825605392456,0.375405102968216,-0.988357543945313,0.0704092979431152,NULL,NULL
78700,Large,7305,13.3144960403442,6.00116348266602,10.4919452667236,0.383983433246613,-0.993916749954224,0.0692295134067535,NULL,NULL
78700,Large,7427,13.1190462112427,6.3123140335083,11.0602712631226,0.369011759757996,-1.00442266464233,0.0739737972617149,NULL,NULL
78700,Large,7541,13.1302423477173,6.21396064758301,10.7671203613281,0.367630630731583,-1.00936305522919,0.0763542130589485,NULL,NULL
78700,Large,7648,13.2772121429443,6.12176084518433,10.5681915283203,0.372579008340836,-1.00002229213715,0.0720762312412262,NULL,NULL
78700,Large,7760,13.3559465408325,6.06549310684204,10.7756576538086,0.386573165655136,-0.991195142269135,0.0693110004067421,NULL,NULL
78700,Large,7866,13.3851509094238,6.17031097412109,10.6557836532593,0.378840893507004,-0.991835534572601,0.0722561478614807,NULL,NULL
78700,Large,7978,13.2118539810181,6.30354595184326,11.0278301239014,0.368923425674438,-0.999161124229431,0.0734112113714218,NULL,NULL
78700,Large,8085,13.3827209472656,6.32463598251343,10.5133237838745,0.359580636024475,-0.990330278873444,0.0700875520706177,NULL,NULL
78700,Large,8192,13.0899124145508,6.06694030761719,11.1783103942871,0.389146059751511,-1.00232219696045,0.0712829306721687,NULL,NULL
78700,Large,8304,13.2538251876831,6.02953147888184,10.7609748840332,0.390725433826447,-0.99738472700119,0.070136770606041,NULL,NULL
78700,Large,8410,13.3355960845947,6.15090131759644,10.9977979660034,0.376982241868973,-0.989482283592224,0.0688018798828125,NULL,NULL
78700,Large,8522,13.3561964035034,6.20449638366699,10.3696517944336,0.358098387718201,-0.991080582141876,0.0690328925848007,NULL,NULL
78700,Large,8629,13.4274435043335,6.32503700256348,10.2436876296997,0.311848014593124,-0.980821132659912,0.0593823194503784,NULL,NULL
78700,Large,8743,13.3533344268799,6.06870269775391,10.5508661270142,0.365892589092255,-0.982931911945343,0.0617287456989288,NULL,NULL
78700,Large,8849,13.6465740203857,6.35184383392334,9.36061859130859,0.255534619092941,-0.972787618637085,0.0498170927166939,NULL,NULL
78700,Large,8961,13.4749155044556,6.27098560333252,9.73244380950928,0.228829011321068,-0.957237362861633,0.0421769917011261,NULL,NULL
78700,Large,9067,13.6308898925781,6.37126207351685,7.71054697036743,0.0857208892703056,-0.945362150669098,0.0402115248143673,NULL,NULL
78700,Large,9174,14.0308208465576,6.47614479064941,7.1417407989502,0.0263702645897865,-0.887228548526764,0.0132764223963022,NULL,NULL
78700,Large,9288,14.3708391189575,6.45155906677246,6.29751634597778,-0.100788488984108,-0.813754081726074,-0.0346885696053505,NULL,NULL
78700,Large,9394,14.5304679870605,6.43360757827759,6.1619348526001,-0.0726920887827873,-0.778550505638123,-0.056651446968317,NULL,NULL
78700,Large,9527,16.9664134979248,6.96159839630127,4.11430501937866,-0.303715258836746,-0.329435378313065,-0.304890602827072,NULL,NULL
78700,Large,9627,17.7050399780273,7.08101987838745,3.72612166404724,-0.274607539176941,-0.203228548169136,-0.396040081977844,NULL,NULL
78700,Large,9739,17.1516437530518,7.03734636306763,3.62364149093628,-0.295931071043015,-0.296568900346756,-0.344853550195694,NULL,NULL
78700,Large,9845,17.4885501861572,7.13114261627197,3.18037056922913,-0.354326784610748,-0.254088371992111,-0.37573829293251,NULL,NULL
78700,Large,9959,18.3798408508301,7.11812734603882,1.0380163192749,-0.541683256626129,-0.0936358794569969,-0.472056984901428,NULL,NULL
78700,Large,10066,20.0036926269531,7.39182472229004,-1.36150252819061,-0.792790591716766,0.194853290915489,-0.65060567855835,NULL,NULL
78700,Large,10172,20.5257110595703,7.29891967773438,-1.94936001300812,-0.816209197044373,0.235987037420273,-0.69065135717392,NULL,NULL
78700,Large,10284,21.508129119873,7.58662891387939,-3.16368055343628,-0.945501863956451,0.347464561462402,-0.761989057064056,NULL,NULL
78700,Large,10396,22.1952648162842,7.87859535217285,-5.01811695098877,-1.16131043434143,0.466126710176468,-0.853959381580353,NULL,NULL
78700,Large,10503,24.7107391357422,8.29853343963623,-10.0807704925537,-1.68720519542694,0.849626302719116,-1.10518252849579,NULL,NULL
78700,Large,10610,26.9107074737549,8.47958564758301,-12.9415330886841,-1.98257291316986,1.23127949237823,-1.3306325674057,NULL,NULL
78700,Large,10722,26.8272247314453,8.43101596832275,-13.7177667617798,-2.09193515777588,1.51314520835876,-1.36932551860809,NULL,NULL
78700,Large,10828,27.8977489471436,8.57425785064697,-14.3207311630249,-2.13490438461304,1.76441121101379,-1.4844183921814,NULL,NULL
78700,Large,10940,25.7212047576904,7.93976497650146,-13.9595384597778,-1.97389626502991,1.35010635852814,-1.19461596012115,NULL,NULL
78700,Large,11047,22.8394641876221,7.49566221237183,-13.7053174972534,-1.90631294250488,0.879616022109985,-0.898374199867249,NULL,NULL
78700,Large,11161,23.4967746734619,7.82146167755127,-14.5593948364258,-2.05166220664978,0.941815674304962,-0.978952527046204,NULL,NULL
78700,Large,11267,25.5288429260254,8.28714179992676,-19.0439929962158,-2.54247808456421,1.28458333015442,-1.19667780399323,NULL,NULL
78700,Large,11379,25.4763221740723,8.16803169250488,-20.9372577667236,-2.72351503372192,1.2360258102417,-1.19468712806702,NULL,NULL
78700,Large,11485,26.9234447479248,7.8792085647583,-22.2387371063232,-2.78446555137634,1.46727132797241,-1.39565813541412,NULL,NULL
78700,Large,11592,27.9174537658691,8.35455417633057,-22.9235515594482,-2.85533022880554,1.53214466571808,-1.44946038722992,NULL,NULL
78700,Large,11706,29.1062240600586,7.9990029335022,-28.0620288848877,-3.31770443916321,1.71276068687439,-1.59393179416656,NULL,NULL
78700,Large,11812,30.3387908935547,7.64815139770508,-29.6939296722412,-3.43214559555054,1.8857558965683,-1.76091253757477,NULL,NULL
78700,Large,11924,30.6912937164307,7.8478627204895,-29.3675594329834,-3.37566685676575,1.92476511001587,-1.78443431854248,NULL,NULL
78700,Large,12031,31.0405941009521,8.43801784515381,-30.7891082763672,-3.56857228279114,2.35491585731506,-1.81120729446411,NULL,NULL
78700,Large,12152,31.3414764404297,8.44709396362305,-31.8192615509033,-3.59915089607239,2.82843923568726,-1.85595190525055,NULL,NULL
78700,Large,12252,31.4688892364502,8.88000774383545,-32.2554588317871,-3.63118290901184,2.817551612854,-1.8263179063797,NULL,NULL
78700,Large,12358,27.8092994689941,8.88576507568359,-32.5436172485352,-3.65561866760254,2.18277955055237,-1.39433562755585,NULL,NULL
78700,Large,12470,27.4638214111328,8.8984842300415,-32.6598739624023,-3.69580435752869,2.05872392654419,-1.38304817676544,NULL,NULL
78700,Large,12577,26.846752166748,8.78025817871094,-31.8313121795654,-3.62004017829895,1.83768260478973,-1.31642186641693,NULL,NULL
78700,Large,12684,27.8582935333252,9.04483413696289,-32.2102088928223,-3.66893625259399,1.88796710968018,-1.36765205860138,NULL,NULL
78700,Large,12796,28.163990020752,8.04373264312744,-34.5486297607422,-3.84509086608887,1.96357357501984,-1.44743597507477,NULL,NULL
78700,Large,12902,27.5085144042969,8.0469446182251,-33.4365882873535,-3.75523805618286,1.8451189994812,-1.40647578239441,NULL,NULL
78700,Large,13014,28.5389747619629,7.99861192703247,-33.2598304748535,-3.80615425109863,1.92081272602081,-1.5118921995163,NULL,NULL
78700,Large,13121,29.3735847473145,7.63059043884277,-34.762752532959,-3.90864539146423,1.99548995494843,-1.60186409950256,NULL,NULL
78700,Large,13235,28.8207511901855,7.33748626708984,-34.138256072998,-3.82461547851563,1.87794137001038,-1.58295869827271,NULL,NULL
78700,Large,13341,30.1629047393799,7.57744216918945,-34.3170738220215,-3.89910411834717,2.14732384681702,-1.72741568088531,NULL,NULL
78700,Large,13453,29.7932567596436,8.39538097381592,-32.5857238769531,-3.76083278656006,2.56878614425659,-1.71029043197632,NULL,NULL
78700,Large,13559,24.8738384246826,8.21074771881104,-33.1239395141602,-3.69019198417664,2.03805136680603,-1.11102747917175,NULL,NULL
78700,Large,13673,22.5116100311279,8.26458072662354,-33.9939270019531,-3.83655524253845,1.71874415874481,-0.891751945018768,NULL,NULL
78700,Large,13780,22.3042755126953,9.17541885375977,-32.0264511108398,-3.74387407302856,1.53442645072937,-0.784868061542511,NULL,NULL
78700,Large,13886,21.6159362792969,8.55383396148682,-34.971363067627,-3.9813494682312,1.51894724369049,-0.776254653930664,NULL,NULL
78700,Large,13998,22.6630687713623,9.31874465942383,-32.0359954833984,-3.71007180213928,1.47029435634613,-0.855677902698517,NULL,NULL
78700,Large,14104,24.1401996612549,9.93879127502441,-30.9271831512451,-3.64934492111206,1.52989506721497,-0.941636919975281,NULL,NULL
78700,Large,14218,23.7632217407227,8.72982311248779,-36.3959350585938,-4.11437845230103,1.64755487442017,-0.975103139877319,NULL,NULL
78700,Large,14325,24.3334884643555,8.23358345031738,-37.5882453918457,-4.18451166152954,1.72856867313385,-1.10957705974579,NULL,NULL
78700,Large,14431,25.0877437591553,9.66009140014648,-31.1870365142822,-3.68752408027649,1.55685460567474,-1.11357307434082,NULL,NULL
78700,Large,14543,26.5360431671143,10.0424499511719,-32.4315719604492,-3.72095441818237,1.65772342681885,-1.14646196365356,NULL,NULL
78700,Large,14649,26.5363998413086,8.96143531799316,-35.5961036682129,-3.92817568778992,1.75894272327423,-1.24111580848694,NULL,NULL
78700,Large,14777,26.9470310211182,9.11873340606689,-33.8549613952637,-3.87218284606934,1.78455936908722,-1.33974182605743,NULL,NULL
78700,Large,14883,27.1994667053223,9.32505321502686,-35.1442451477051,-3.9136061668396,1.77456331253052,-1.34502589702606,NULL,NULL
78700,Large,14997,28.557445526123,10.4765605926514,-31.4376907348633,-3.67798757553101,1.90228760242462,-1.41011464595795,NULL,NULL
78700,Large,15104,27.2326812744141,10.5700531005859,-31.4874610900879,-3.72110939025879,2.05831241607666,-1.23866081237793,NULL,NULL
78700,Large,15216,24.2770748138428,8.06758594512939,-36.6057968139648,-4.01298809051514,2.05555415153503,-1.06962704658508,NULL,NULL
78700,Large,15322,21.379940032959,8.82434368133545,-33.1499977111816,-3.78342032432556,1.63276219367981,-0.755169749259949,NULL,NULL
78700,Large,15434,23.0892028808594,9.50977802276611,-34.1315727233887,-3.87157011032104,1.8497314453125,-0.871544718742371,NULL,NULL
78700,Large,15541,23.4871559143066,9.36612224578857,-35.1544799804688,-4.01609992980957,1.84447491168976,-0.937078177928925,NULL,NULL
78700,Large,15648,23.9937381744385,8.71813488006592,-34.0424118041992,-3.93919277191162,1.77293980121613,-1.03040933609009,NULL,NULL
78700,Large,15760,22.0982723236084,8.17246246337891,-33.4515228271484,-3.95388579368591,1.39400172233582,-0.822175025939941,NULL,NULL
78700,Large,15866,22.8646907806396,7.50366020202637,-34.6773834228516,-3.94798350334167,1.48429393768311,-0.949302434921265,NULL,NULL
78700,Large,15978,22.4510383605957,6.54712820053101,-34.6880264282227,-3.80463600158691,1.41321659088135,-1.01111018657684,NULL,NULL
78700,Large,16085,23.0466289520264,7.0130615234375,-32.2430191040039,-3.58889985084534,1.34732615947723,-1.01145672798157,NULL,NULL
78700,Large,16199,24.9667549133301,7.43704700469971,-32.0139198303223,-3.556795835495,1.5131071805954,-1.14124584197998,NULL,NULL
78700,Large,16305,25.7989292144775,6.78937244415283,-33.0850982666016,-3.55782961845398,1.61123633384705,-1.27460730075836,NULL,NULL
78700,Large,16417,25.247241973877,6.63207340240479,-33.1019134521484,-3.60600113868713,1.52160239219666,-1.23772370815277,NULL,NULL
78700,Large,16523,27.1710014343262,7.33258152008057,-32.4826393127441,-3.58456373214722,1.7944004535675,-1.40473163127899,NULL,NULL
78700,Large,16637,26.4597301483154,6.5682692527771,-34.1086463928223,-3.68311285972595,2.15248870849609,-1.36941826343536,NULL,NULL
78700,Large,16744,22.2723369598389,6.73850917816162,-34.6287536621094,-3.75730013847351,1.8652663230896,-0.933051645755768,NULL,NULL
78700,Large,16850,20.870677947998,7.71707534790039,-33.4079780578613,-3.69211792945862,1.62054479122162,-0.738304257392883,NULL,NULL
78700,Large,16962,20.7192096710205,8.07237529754639,-34.7944297790527,-3.84537315368652,1.6184219121933,-0.711663067340851,NULL,NULL
78700,Large,17068,20.2431373596191,8.37517738342285,-34.2656402587891,-3.80900645256042,1.44905269145966,-0.650107800960541,NULL,NULL
78700,Large,17182,21.6436805725098,9.33819484710693,-32.9088020324707,-3.79570508003235,1.49882590770721,-0.709458708763123,NULL,NULL
78700,Large,17289,22.1355895996094,9.64695262908936,-33.5334053039551,-3.906489610672,1.50436365604401,-0.72149133682251,NULL,NULL
78700,Large,17403,21.5438041687012,8.74445819854736,-36.7882881164551,-4.15676832199097,1.54510724544525,-0.781417310237885,NULL,NULL
78700,Large,17509,22.4622573852539,9.37740612030029,-36.1797790527344,-4.16939926147461,1.61075258255005,-0.855086266994476,NULL,NULL
78700,Large,17615,23.489387512207,10.3388338088989,-32.5858993530273,-3.89834976196289,1.50148022174835,-0.853828847408295,NULL,NULL
78700,Large,17722,24.1805591583252,10.644455909729,-33.5637435913086,-3.93945026397705,1.54816293716431,-0.918260395526886,NULL,NULL
78700,Large,17836,24.8399753570557,10.3297538757324,-34.7808303833008,-3.98734951019287,1.69265234470367,-1.05328381061554,NULL,NULL
78700,Large,17942,24.7205219268799,10.9773654937744,-32.028247833252,-3.79888296127319,1.50077414512634,-0.993625521659851,NULL,NULL
78700,Large,18054,27.2125511169434,11.3215198516846,-32.7009582519531,-3.92062544822693,1.74480378627777,-1.15208101272583,NULL,NULL
78700,Large,18160,27.0830993652344,10.4583187103271,-34.8353881835938,-4.02248334884644,1.77600002288818,-1.2184624671936,NULL,NULL
78700,Large,18274,26.2688331604004,10.3158073425293,-34.5167465209961,-4.12406444549561,1.77590835094452,-1.19746744632721,NULL,NULL
78700,Large,18381,26.5332260131836,10.7497825622559,-32.6822471618652,-3.90297079086304,1.94048416614532,-1.14338707923889,NULL,NULL
78700,Large,18487,23.5972537994385,9.18384742736816,-34.8021202087402,-4.02622604370117,1.85955548286438,-0.946433901786804,NULL,NULL
78700,Large,18599,21.1678047180176,8.93783473968506,-32.9595718383789,-3.79096436500549,1.66410028934479,-0.746334314346313,NULL,NULL
78700,Large,18705,22.7670955657959,9.657639503479,-33.279369354248,-3.88768458366394,1.82500290870667,-0.852261602878571,NULL,NULL
78700,Large,18819,20.5334396362305,8.21407127380371,-34.9167442321777,-3.95667552947998,1.5494636297226,-0.704788267612457,NULL,NULL
78700,Large,18926,21.4618587493896,9.53931617736816,-32.1374893188477,-3.81052613258362,1.45946204662323,-0.669955730438232,NULL,NULL
78700,Large,19038,22.0894947052002,8.74625015258789,-36.5740127563477,-4.08778762817383,1.67307245731354,-0.822402894496918,NULL,NULL
78700,Large,19144,21.321964263916,7.98563051223755,-36.6185455322266,-3.9898955821991,1.51564741134644,-0.819364309310913,NULL,NULL
78700,Large,19256,22.9538822174072,10.3429880142212,-29.7930946350098,-3.50812005996704,1.31465423107147,-0.731900632381439,NULL,NULL
78700,Large,19363,23.7590980529785,9.41408538818359,-35.0962562561035,-3.96568965911865,1.58233153820038,-0.872775912284851,NULL,NULL
78700,Large,19470,22.6914806365967,8.11121273040771,-36.6601409912109,-4.01030683517456,1.52539479732513,-0.946550905704498,NULL,NULL
78700,Large,19582,24.4909229278564,10.8382577896118,-29.0107154846191,-3.4992458820343,1.33263897895813,-0.863695800304413,NULL,NULL
78700,Large,19688,26.0878887176514,9.94784832000732,-32.9921646118164,-3.76040244102478,1.62928473949432,-1.04812955856323,NULL,NULL
78700,Large,19800,24.8362369537354,8.17416381835938,-37.5307960510254,-4.05431985855103,1.66877973079681,-1.1723724603653,NULL,NULL
78700,Large,19907,25.4259185791016,9.54709625244141,-31.5361423492432,-3.61862993240356,1.52895259857178,-1.15002942085266,NULL,NULL
78700,Large,24623,21.9507598876953,8.69470882415771,-29.8045349121094,-3.48546695709229,1.10669696331024,-0.74406224489212,NULL,NULL
78700,Large,24729,24.0715656280518,9.27157878875732,-30.5284519195557,-3.57854413986206,1.32705223560333,-0.891998171806335,NULL,NULL
78700,Large,24841,23.3965759277344,6.75098133087158,-38.003547668457,-4.07465219497681,1.50648498535156,-1.02426314353943,NULL,NULL
78700,Large,24947,23.1369895935059,6.98286390304565,-35.814208984375,-3.89488124847412,1.38463521003723,-1.04879021644592,NULL,NULL
78700,Large,25054,24.9658393859863,9.34170150756836,-29.5063877105713,-3.49530243873596,1.30940651893616,-0.99244612455368,NULL,NULL
78700,Large,25168,24.4220447540283,6.97653341293335,-36.5421485900879,-3.92824268341064,1.48905026912689,-1.07274198532104,NULL,NULL
78700,Large,25282,24.9866428375244,6.99640083312988,-36.1763229370117,-3.98370599746704,1.97973430156708,-1.25289154052734,NULL,NULL
78700,Large,25382,22.6347999572754,7.74447584152222,-32.7035026550293,-3.71395373344421,1.90289521217346,-0.9842329621315,NULL,NULL
78700,Large,25494,20.7233810424805,7.21724414825439,-35.7320671081543,-3.93655347824097,1.76141703128815,-0.732898652553558,NULL,NULL
78700,Large,25601,19.6961669921875,7.20096206665039,-35.320240020752,-3.8920533657074,1.56177282333374,-0.655763745307922,NULL,NULL
78700,Large,27908,21.9893741607666,7.99337434768677,-32.6824607849121,-3.60122513771057,1.25951159000397,-0.788342773914337,NULL,NULL
78700,Large,28008,22.5387878417969,7.54524898529053,-35.1472969055176,-3.93569779396057,1.41707992553711,-0.877125918865204,NULL,NULL
78700,Large,28114,22.7765922546387,7.41737079620361,-34.7545433044434,-3.85511827468872,1.38327670097351,-0.924857556819916,NULL,NULL
78700,Large,28226,24.1315040588379,7.73498868942261,-34.5427665710449,-3.84785461425781,1.50710356235504,-1.0529305934906,NULL,NULL
78700,Large,28333,23.8819580078125,7.79869890213013,-34.9131698608398,-3.96249079704285,1.45937502384186,-1.01408517360687,NULL,NULL
78700,Large,28441,24.8641395568848,7.952476978302,-35.1918487548828,-4.01563882827759,1.5796719789505,-1.10688924789429,NULL,NULL
78700,Large,28553,24.4184684753418,7.77722120285034,-34.885181427002,-3.96256947517395,1.81110012531281,-1.08505368232727,NULL,NULL
78700,Large,28659,22.7886276245117,8.16530418395996,-34.0356597900391,-3.9241361618042,2.19184827804565,-0.947719573974609,NULL,NULL
78700,Large,28771,22.3804416656494,8.37563610076904,-33.2349166870117,-3.82525944709778,2.02758383750916,-0.892472743988037,NULL,NULL
78700,Large,28878,18.5308170318604,7.97361087799072,-34.7103271484375,-3.90539956092834,1.47788512706757,-0.482362419366837,NULL,NULL
78700,Large,28992,17.5771770477295,8.97546482086182,-33.4061317443848,-3.86654138565063,1.22903752326965,-0.308232575654984,NULL,NULL
78700,Large,33485,24.1191368103027,11.0656042098999,-30.3814182281494,-3.75298190116882,1.37165427207947,-0.840728759765625,NULL,NULL
78700,Large,33592,24.8873291015625,10.5150661468506,-31.840950012207,-3.82400155067444,1.46484363079071,-0.909421861171722,NULL,NULL
78700,Large,33698,24.580883026123,8.79822635650635,-37.379695892334,-4.20413303375244,1.6617865562439,-1.11135697364807,NULL,NULL
78700,Large,33810,25.6090564727783,9.78062629699707,-33.1283950805664,-3.88428854942322,1.5975478887558,-1.16259336471558,NULL,NULL
78700,Large,33916,26.7127265930176,10.7232990264893,-31.4113330841064,-3.80752968788147,1.58807587623596,-1.13805043697357,NULL,NULL
78700,Large,34030,25.7594146728516,9.59752368927002,-35.0693130493164,-4.07079267501831,1.62868523597717,-1.13763642311096,NULL,NULL
78700,Large,34137,25.1132831573486,8.1351146697998,-37.0268592834473,-4.25959157943726,2.02816987037659,-1.24706518650055,NULL,NULL
78700,Large,34243,25.0732097625732,9.13473987579346,-32.0576057434082,-3.83763146400452,2.19578051567078,-1.17990171909332,NULL,NULL
78700,Large,34355,23.0045070648193,8.11180114746094,-35.9721832275391,-4.07294940948486,2.09303331375122,-0.954786360263824,NULL,NULL
78700,Large,34461,23.7202854156494,9.93475723266602,-33.08056640625,-3.9503755569458,2.01264762878418,-0.937749207019806,NULL,NULL
78700,Large,34575,24.397216796875,10.0378789901733,-34.9553565979004,-4.10134887695313,2.10483431816101,-1.01353406906128,NULL,NULL
78700,Large,34682,24.0696315765381,9.59232902526855,-36.0695724487305,-4.09296369552612,1.93914425373077,-0.997250199317932,NULL,NULL
78700,Large,34794,24.2120819091797,11.2084112167358,-31.1188106536865,-3.75746941566467,1.63595509529114,-0.91401207447052,NULL,NULL
78700,Large,34900,24.5238037109375,11.9482803344727,-31.5483417510986,-3.8382613658905,1.61314952373505,-0.835869371891022,NULL,NULL
78700,Large,35012,22.3913917541504,9.01367568969727,-37.9115562438965,-4.16140031814575,1.54432654380798,-0.819868505001068,NULL,NULL
78700,Large,35119,23.8639945983887,10.8548355102539,-31.4289073944092,-3.67859196662903,1.50184595584869,-0.889147698879242,NULL,NULL
78700,Large,35226,25.7389335632324,11.469521522522,-32.8870391845703,-3.85538172721863,1.66324412822723,-0.967019855976105,NULL,NULL
78700,Large,35338,24.7730541229248,9.38662528991699,-38.0419235229492,-4.17709159851074,1.68394470214844,-1.02901673316956,NULL,NULL
78700,Large,35444,26.1385955810547,11.2501773834229,-32.765266418457,-3.85971403121948,1.722491979599,-1.15772604942322,NULL,NULL
78700,Large,35556,27.4440460205078,12.609073638916,-31.7021503448486,-3.85330772399902,1.71136033535004,-1.08827912807465,NULL,NULL
78700,Large,35663,27.2997360229492,10.5493793487549,-36.9939651489258,-4.11757183074951,1.86955487728119,-1.18592953681946,NULL,NULL
78700,Large,37959,22.1312065124512,7.68129682540894,-33.6250152587891,-3.89292430877686,1.77680337429047,-0.915159463882446,NULL,NULL
78700,Large,38065,22.5674514770508,7.88420534133911,-34.0658302307129,-3.88626837730408,1.78828120231628,-0.922174215316772,NULL,NULL
78700,Large,38177,22.5363368988037,6.8170108795166,-35.982780456543,-3.91483569145203,1.81136894226074,-1.01645028591156,NULL,NULL
78700,Large,38283,22.6925525665283,7.52938795089722,-32.5855331420898,-3.65885543823242,1.58652853965759,-0.951544344425201,NULL,NULL
78700,Large,38412,23.3822231292725,8.12672519683838,-34.189395904541,-3.85490369796753,1.67637038230896,-0.963490307331085,NULL,NULL
78700,Large,38518,25.1865520477295,9.16565608978271,-30.7932109832764,-3.59589529037476,1.64649271965027,-1.03781843185425,NULL,NULL
78700,Large,38632,24.8232898712158,7.00173568725586,-38.1324996948242,-4.15213775634766,1.90422749519348,-1.22233474254608,NULL,NULL
78700,Large,38739,25.0729484558105,7.20533847808838,-36.7159233093262,-4.01399850845337,1.88125741481781,-1.27797734737396,NULL,NULL
78700,Large,38845,27.7090511322021,9.21045780181885,-31.5679397583008,-3.68346428871155,1.91890847682953,-1.34485363960266,NULL,NULL
78700,Large,38957,28.2591876983643,8.43752956390381,-35.7320823669434,-3.97320032119751,2.04671931266785,-1.4165860414505,NULL,NULL
78700,Large,39063,27.9043292999268,8.29299736022949,-36.2042045593262,-3.95783233642578,1.98251712322235,-1.42359507083893,NULL,NULL
78700,Large,39177,29.1447658538818,10.5415697097778,-31.1707401275635,-3.68452072143555,1.95721125602722,-1.4517570734024,NULL,NULL
78700,Large,39284,29.717924118042,11.0129461288452,-31.7282943725586,-3.71343541145325,2.00585746765137,-1.41234743595123,NULL,NULL
78700,Large,39396,27.120210647583,9.21653270721436,-36.436279296875,-4.13498020172119,2.15229868888855,-1.31479334831238,NULL,NULL
78700,Large,39502,23.6755180358887,8.3476619720459,-33.3923301696777,-3.87460517883301,1.84400117397308,-1.07759416103363,NULL,NULL
78700,Large,39614,23.2287120819092,7.71034336090088,-34.049503326416,-3.88117814064026,1.87946319580078,-0.949697434902191,NULL,NULL
78700,Large,39721,21.4510326385498,5.98860692977905,-36.4697151184082,-3.8939847946167,1.77113938331604,-0.89631462097168,NULL,NULL
78700,Large,39828,22.3872966766357,7.68109560012817,-31.3338222503662,-3.55545377731323,1.60260438919067,-0.895667731761932,NULL,NULL
78700,Large,39940,22.5612678527832,7.05072832107544,-35.8711471557617,-3.92026042938232,1.73364007472992,-0.933443427085876,NULL,NULL
78700,Large,40046,20.7085857391357,5.46534776687622,-37.6631813049316,-3.94023752212524,1.51663064956665,-0.870685458183289,NULL,NULL
78700,Large,40158,22.9116458892822,8.23129463195801,-29.9338073730469,-3.46479082107544,1.38824486732483,-0.878527462482452,NULL,NULL
78700,Large,40265,24.2564220428467,7.73483800888062,-33.8627777099609,-3.76492428779602,1.6455352306366,-1.02084279060364,NULL,NULL
78700,Large,40379,22.7820167541504,5.15734386444092,-38.1487426757813,-3.95972061157227,1.57631289958954,-1.0710825920105,NULL,NULL
78700,Large,40485,23.7003326416016,6.78713226318359,-32.3459281921387,-3.51750516891479,1.4854850769043,-1.11232972145081,NULL,NULL
78700,Large,40597,25.628490447998,7.67451572418213,-32.6166915893555,-3.57324934005737,1.5676041841507,-1.10139131546021,NULL,NULL
78700,Large,40703,25.9185771942139,5.52993488311768,-38.166130065918,-3.86535120010376,1.79671168327332,-1.28959846496582,NULL,NULL
78700,Large,40810,26.0919036865234,7.09435510635376,-31.6758251190186,-3.39981770515442,1.66966044902802,-1.35276877880096,NULL,NULL
78700,Large,40924,27.8086853027344,8.40571784973145,-31.4288997650146,-3.50005221366882,1.73315131664276,-1.29334127902985,NULL,NULL
78700,Large,41037,27.9798641204834,7.25605773925781,-35.9494018554688,-3.84329080581665,1.95895218849182,-1.38762474060059,NULL,NULL
78700,Large,44633,26.6867065429688,7.62803077697754,-32.8813133239746,-3.77209663391113,2.22381114959717,-1.43158721923828,NULL,NULL
78700,Large,44745,23.9588832855225,6.91274404525757,-34.9283218383789,-3.85006761550903,2.11624503135681,-1.12270641326904,NULL,NULL
78700,Large,44851,21.7004699707031,7.61405897140503,-34.1683464050293,-3.85753321647644,1.78499436378479,-0.886713087558746,NULL,NULL
78700,Large,44963,23.232666015625,9.52898216247559,-32.7675819396973,-3.85675144195557,1.87303471565247,-0.904750287532806,NULL,NULL
78700,Large,45070,22.3328857421875,8.71903514862061,-35.6427001953125,-3.97968220710754,1.80240428447723,-0.832437217235565,NULL,NULL
78700,Large,45184,21.7577819824219,9.02204036712646,-33.8448715209961,-3.80508542060852,1.55937814712524,-0.782407402992249,NULL,NULL
78700,Large,45290,23.2722721099854,10.6064901351929,-30.4588756561279,-3.6173243522644,1.48452949523926,-0.803817212581635,NULL,NULL
78700,Large,20030,26.4905548095703,10.5581512451172,-31.1251335144043,-3.6710205078125,1.55552661418915,-1.073570728302,NULL,NULL
78700,Large,20130,25.9491348266602,9.84335231781006,-31.2989540100098,-3.68830966949463,1.77269268035889,-1.09088957309723,NULL,NULL
78700,Large,20236,22.344123840332,7.37063360214233,-35.0404281616211,-3.91676878929138,1.63283097743988,-0.984792053699493,NULL,NULL
78700,Large,20348,22.6485977172852,8.47285461425781,-31.8379211425781,-3.64850234985352,1.66800105571747,-0.833120226860046,NULL,NULL
78700,Large,20455,20.7074604034424,7.24070596694946,-35.9188537597656,-3.95136833190918,1.62917077541351,-0.741998970508575,NULL,NULL
78700,Large,20562,21.0976905822754,7.30128192901611,-34.8805770874023,-3.86880135536194,1.63660728931427,-0.82587057352066,NULL,NULL
78700,Large,20674,22.8781547546387,8.5517110824585,-32.0550270080566,-3.69403052330017,1.62395322322845,-0.851200222969055,NULL,NULL
78700,Large,20780,22.6710433959961,8.42815017700195,-34.0681304931641,-3.90389227867126,1.64900755882263,-0.864027857780457,NULL,NULL
78700,Large,20892,22.3931255340576,7.91935777664185,-35.7541084289551,-4.01097679138184,1.64093744754791,-0.948294401168823,NULL,NULL
78700,Large,20999,23.7714080810547,8.52448081970215,-34.2669334411621,-3.92220854759216,1.70406341552734,-1.02402520179749,NULL,NULL
78700,Large,21113,24.8183555603027,9.12161827087402,-33.566276550293,-3.83534932136536,1.72787320613861,-1.05260372161865,NULL,NULL
78700,Large,21219,25.6177558898926,9.11399745941162,-35.9333076477051,-4.10442447662354,1.81554520130157,-1.15373599529266,NULL,NULL
78700,Large,21331,24.2436237335205,9.33890151977539,-32.5898246765137,-3.73424100875854,1.4372478723526,-1.03693866729736,NULL,NULL
78700,Large,21437,24.5609874725342,9.96553611755371,-32.2002143859863,-3.73207402229309,1.41452670097351,-0.969556629657745,NULL,NULL
78700,Large,21544,25.8732032775879,9.44532585144043,-33.9035415649414,-3.7083420753479,1.60387063026428,-1.14375412464142,NULL,NULL
78700,Large,21658,26.6545562744141,9.63148593902588,-32.3466873168945,-3.61920475959778,1.65015995502472,-1.20436632633209,NULL,NULL
78700,Large,21764,25.5165729522705,9.9037914276123,-30.9932136535645,-3.54153227806091,1.54190027713776,-1.08557522296906,NULL,NULL
78700,Large,21876,26.4201393127441,9.25647640228271,-34.1118545532227,-3.95979428291321,2.10910892486572,-1.26910066604614,NULL,NULL
78700,Large,21982,23.0238132476807,7.48551893234253,-34.4643249511719,-3.88857388496399,1.90253460407257,-1.02992689609528,NULL,NULL
78700,Large,22096,21.5972156524658,6.97482824325562,-33.7619514465332,-3.79181218147278,1.71914446353912,-0.84771454334259,NULL,NULL
78700,Large,22203,21.8146209716797,7.1452784538269,-34.9600677490234,-3.89418840408325,1.76247668266296,-0.88529247045517,NULL,NULL
78700,Large,22309,21.9719562530518,7.71994495391846,-33.383186340332,-3.76907968521118,1.62016427516937,-0.874177098274231,NULL,NULL
78700,Large,22421,22.1433219909668,8.07172966003418,-33.751277923584,-3.85285997390747,1.57398808002472,-0.835435092449188,NULL,NULL
78700,Large,22527,22.1869888305664,7.66931247711182,-34.8901100158691,-3.90737152099609,1.58199489116669,-0.883483827114105,NULL,NULL
78700,Large,22656,22.2011184692383,7.66443300247192,-33.9744262695313,-3.86383461952209,1.51220047473907,-0.888441979885101,NULL,NULL
78700,Large,22762,22.7496204376221,7.44631147384644,-35.3247413635254,-3.97285985946655,1.53598833084106,-0.974075019359589,NULL,NULL
78700,Large,22876,24.0782718658447,8.8073787689209,-31.8730983734131,-3.68499302864075,1.49368917942047,-1.01374173164368,NULL,NULL
78700,Large,22983,24.1748657226563,8.6543664932251,-33.2362670898438,-3.853755235672,1.51640570163727,-1.01572108268738,NULL,NULL
78700,Large,23089,24.7471675872803,8.09882354736328,-34.8070373535156,-3.86733412742615,1.62414741516113,-1.14999949932098,NULL,NULL
78700,Large,23201,25.5694541931152,9.08100605010986,-30.7799987792969,-3.50373816490173,1.51835322380066,-1.16313600540161,NULL,NULL
78700,Large,23307,25.144100189209,9.16121482849121,-31.2628993988037,-3.57864212989807,1.42595314979553,-1.08864903450012,NULL,NULL
78700,Large,23421,26.3112659454346,8.90719318389893,-34.2423934936523,-3.84847640991211,1.67757248878479,-1.22133481502533,NULL,NULL
78700,Large,23528,24.7729682922363,8.68347072601318,-32.549430847168,-3.6801073551178,1.67898261547089,-1.14830672740936,NULL,NULL
78700,Large,23640,23.4116611480713,8.14152812957764,-33.0165710449219,-3.75966572761536,1.80424988269806,-0.987671136856079,NULL,NULL
78700,Large,23746,22.1443767547607,7.44351291656494,-34.5893516540527,-3.88476181030273,1.85524690151215,-0.89039933681488,NULL,NULL
78700,Large,23858,20.4559783935547,7.21704292297363,-34.058032989502,-3.80325770378113,1.58883762359619,-0.737679362297058,NULL,NULL
78700,Large,23965,19.9318943023682,7.89412832260132,-32.931037902832,-3.74095439910889,1.3573853969574,-0.589039087295532,NULL,NULL
78700,Large,24072,20.2921123504639,7.66113090515137,-35.461669921875,-3.93854999542236,1.44745028018951,-0.671031177043915,NULL,NULL
78700,Large,24184,19.2955589294434,7.12423896789551,-35.235725402832,-3.8829653263092,1.24062180519104,-0.605903446674347,NULL,NULL
78700,Large,24290,20.012565612793,8.57974910736084,-31.245002746582,-3.60628938674927,1.06710016727448,-0.539335489273071,NULL,NULL
78700,Large,24402,21.2158317565918,7.80647945404053,-36.4608268737793,-4.03084230422974,1.39207029342651,-0.744730710983276,NULL,NULL
78700,Large,24509,20.8151302337646,6.81350755691528,-37.5296249389648,-4.06758260726929,1.34408235549927,-0.783839046955109,NULL,NULL
78700,Large,25715,21.6499919891357,8.74440956115723,-31.858606338501,-3.67021536827087,1.57248651981354,-0.717585802078247,NULL,NULL
78700,Large,25821,22.3398704528809,8.50202560424805,-33.9116249084473,-3.87682366371155,1.7155282497406,-0.819233536720276,NULL,NULL
78700,Large,25934,23.5580520629883,8.23805141448975,-35.5030403137207,-3.96838355064392,1.89646780490875,-1.01111793518066,NULL,NULL
78700,Large,26039,24.9918842315674,8.69868755340576,-33.4731979370117,-3.81585645675659,1.94441330432892,-1.11779832839966,NULL,NULL
78700,Large,26147,24.9300022125244,8.21227645874023,-33.9451713562012,-3.80201864242554,1.85338115692139,-1.1008505821228,NULL,NULL
78700,Large,26261,24.9864559173584,7.73294353485107,-33.3452301025391,-3.73159337043762,1.66649508476257,-1.11910033226013,NULL,NULL
78700,Large,26367,23.8270854949951,7.58978271484375,-32.3030548095703,-3.61897730827332,1.39122891426086,-0.993146002292633,NULL,NULL
78700,Large,26479,21.990514755249,6.36811113357544,-34.705638885498,-3.74811387062073,1.16112184524536,-0.832362771034241,NULL,NULL
78700,Large,26585,22.7000217437744,7.00245046615601,-32.4004974365234,-3.57282018661499,1.13332450389862,-0.875189304351807,NULL,NULL
78700,Large,26699,22.1642379760742,5.71727705001831,-35.882625579834,-3.81728863716125,1.14854168891907,-0.894738018512726,NULL,NULL
78700,Large,26808,22.7367362976074,6.81506729125977,-33.7639274597168,-3.75206875801086,1.51563239097595,-0.925948858261108,NULL,NULL
78700,Large,26912,23.3628711700439,7.74042367935181,-33.7636032104492,-3.90234017372131,2.17722845077515,-1.04834687709808,NULL,NULL
78700,Large,27024,23.5423851013184,7.81905078887939,-34.1793060302734,-3.96775221824646,2.28999447822571,-1.1026246547699,NULL,NULL
78700,Large,27130,23.0497074127197,7.61792802810669,-33.7555961608887,-3.82085299491882,2.05238914489746,-1.00517249107361,NULL,NULL
78700,Large,27244,24.4114036560059,8.18903064727783,-34.0155067443848,-3.82365417480469,2.16149711608887,-1.09497201442719,NULL,NULL
78700,Large,27351,23.8688983917236,8.36451816558838,-34.0791549682617,-3.83933901786804,1.97488713264465,-1.00234508514404,NULL,NULL
78700,Large,27457,22.153528213501,7.75509405136108,-34.9656982421875,-3.87956047058105,1.68379831314087,-0.835374236106873,NULL,NULL
78700,Large,27569,22.1426849365234,7.60131120681763,-34.9519195556641,-3.8598906993866,1.6042891740799,-0.845057308673859,NULL,NULL
78700,Large,27681,22.3477172851563,7.75501871109009,-33.8453941345215,-3.76469540596008,1.50906312465668,-0.837119162082672,NULL,NULL
78700,Large,27788,21.8365211486816,7.98155546188354,-32.5379524230957,-3.62134790420532,1.30147957801819,-0.776467859745026,NULL,NULL
78700,Large,29098,18.0629234313965,9.13216018676758,-35.3594512939453,-4.05357360839844,1.31577801704407,-0.384530514478683,NULL,NULL
78700,Large,29204,18.2708168029785,9.48163318634033,-33.8706855773926,-3.96620559692383,1.18403506278992,-0.389493376016617,NULL,NULL
78700,Large,29316,18.4653778076172,9.78040313720703,-35.278881072998,-4.13192701339722,1.22456181049347,-0.372368931770325,NULL,NULL
78700,Large,29423,18.6626110076904,9.18825149536133,-37.4761276245117,-4.31858253479004,1.31637120246887,-0.478338301181793,NULL,NULL
78700,Large,29537,20.3321151733398,10.9806137084961,-30.512659072876,-3.73628258705139,1.11197292804718,-0.466410994529724,NULL,NULL
78700,Large,29643,20.5509910583496,10.6117010116577,-33.5852317810059,-3.95992684364319,1.22733378410339,-0.520690083503723,NULL,NULL
78700,Large,29755,20.8596897125244,9.03995704650879,-36.6393089294434,-4.11954832077026,1.39793634414673,-0.730833411216736,NULL,NULL
78700,Large,29861,22.2800712585449,11.4211959838867,-29.3372230529785,-3.60523891448975,1.16338658332825,-0.657585501670837,NULL,NULL
78700,Large,29975,22.9165744781494,9.74878978729248,-37.0242958068848,-4.17263555526733,1.49174928665161,-0.816162765026093,NULL,NULL
78700,Large,30082,23.1418952941895,8.39192199707031,-39.0884742736816,-4.24087190628052,1.5777735710144,-0.963946402072906,NULL,NULL
78700,Large,30188,24.6347579956055,11.2032232284546,-28.6089115142822,-3.46949243545532,1.3425520658493,-0.916158258914948,NULL,NULL
78700,Large,30300,25.2269248962402,9.66371440887451,-36.3090972900391,-4.04104375839233,1.59957695007324,-1.03141379356384,NULL,NULL
78700,Large,30406,24.5015296936035,7.50567770004272,-37.1547164916992,-4.00697231292725,1.58139061927795,-1.16286385059357,NULL,NULL
78700,Large,30534,25.736909866333,9.72422885894775,-31.2024269104004,-3.76312279701233,1.77511179447174,-1.17255711555481,NULL,NULL
78700,Large,30640,24.6114845275879,8.85110664367676,-32.4769744873047,-3.83467674255371,2.19801044464111,-1.17621874809265,NULL,NULL
78700,Large,30754,22.3536643981934,8.28967189788818,-34.9050445556641,-3.93443036079407,1.92650711536407,-0.854650557041168,NULL,NULL
78700,Large,30861,19.8482837677002,7.84156131744385,-37.107494354248,-4.09197282791138,1.68788909912109,-0.655344605445862,NULL,NULL
78700,Large,30967,20.5418224334717,9.69649505615234,-31.8417549133301,-3.712082862854,1.40694546699524,-0.566941678524017,NULL,NULL
78700,Large,31079,21.4532947540283,9.74017810821533,-34.1150398254395,-3.89443707466125,1.58529102802277,-0.648824632167816,NULL,NULL
78700,Large,31191,20.1159477233887,8.27066516876221,-37.2640724182129,-4.12689876556396,1.49676179885864,-0.670597910881042,NULL,NULL
78700,Large,31298,21.6294021606445,8.19217586517334,-37.1115798950195,-4.14745664596558,1.61829447746277,-0.854708135128021,NULL,NULL
78700,Large,31405,22.7850570678711,9.81307411193848,-32.1791915893555,-3.86775469779968,1.44268476963043,-0.813170373439789,NULL,NULL
78700,Large,31517,22.2894477844238,9.46187496185303,-34.264087677002,-4.00824213027954,1.40412974357605,-0.791552007198334,NULL,NULL
78700,Large,31623,23.6860122680664,8.84579181671143,-36.2036628723145,-4.18625450134277,1.65076768398285,-1.02836620807648,NULL,NULL
78700,Large,31735,23.2598533630371,9.54579925537109,-29.648042678833,-3.4455885887146,1.17361795902252,-0.861730933189392,NULL,NULL
78700,Large,31842,23.6136131286621,10.0856599807739,-30.6604518890381,-3.5874297618866,1.23041069507599,-0.839863240718842,NULL,NULL
78700,Large,31956,23.5089244842529,8.71297073364258,-36.6714096069336,-4.06562471389771,1.42523550987244,-0.972898662090302,NULL,NULL
78700,Large,32062,23.4042568206787,8.46383190155029,-35.9518547058105,-3.9926438331604,1.34636747837067,-0.990207314491272,NULL,NULL
78700,Large,32168,24.54052734375,9.63233280181885,-31.0464305877686,-3.59305596351624,1.29972290992737,-0.984927713871002,NULL,NULL
78700,Large,32280,24.3878135681152,9.11923122406006,-34.2117500305176,-3.98366141319275,1.60826110839844,-1.02415680885315,NULL,NULL
78700,Large,32387,22.950756072998,8.48612117767334,-34.6657638549805,-4.11147403717041,1.97660434246063,-0.99754124879837,NULL,NULL
78700,Large,32501,22.7432079315186,9.39362049102783,-33.0974235534668,-3.99042105674744,1.97480714321136,-0.864230632781982,NULL,NULL
78700,Large,32607,21.335470199585,8.82479667663574,-35.3661422729492,-4.15953350067139,1.8554356098175,-0.757767856121063,NULL,NULL
78700,Large,32719,20.3212032318115,9.14058208465576,-33.4891090393066,-3.9475429058075,1.52238070964813,-0.618366718292236,NULL,NULL
78700,Large,32825,21.5554389953613,10.0220956802368,-32.3359451293945,-3.89041757583618,1.49023866653442,-0.623158514499664,NULL,NULL
78700,Large,32939,19.7022857666016,8.1529426574707,-38.0495643615723,-4.28742456436157,1.51890063285828,-0.642289578914642,NULL,NULL
78700,Large,33046,20.1226634979248,9.03859901428223,-35.2354927062988,-4.06960439682007,1.37868595123291,-0.633637487888336,NULL,NULL
78700,Large,33159,22.5872821807861,10.8637914657593,-29.9163398742676,-3.69754385948181,1.29745841026306,-0.656115472316742,NULL,NULL
78700,Large,33265,23.1660022735596,10.077953338623,-34.2908515930176,-4.03887796401978,1.54095804691315,-0.809636414051056,NULL,NULL
78700,Large,33371,22.0976047515869,8.62575817108154,-37.8766555786133,-4.31503582000732,1.55675268173218,-0.890068709850311,NULL,NULL
78700,Large,35784,26.1302337646484,10.0243806838989,-33.1100044250488,-3.81792449951172,2.02840328216553,-1.26162326335907,NULL,NULL
78700,Large,35884,24.5411357879639,8.9568567276001,-32.9315986633301,-3.86792492866516,2.27029657363892,-1.18097758293152,NULL,NULL
78700,Large,35990,22.8269939422607,7.07947254180908,-37.9173355102539,-4.15691089630127,2.02226686477661,-0.977411925792694,NULL,NULL
78700,Large,36102,20.8889751434326,7.57045602798462,-33.3332443237305,-3.71511673927307,1.62131237983704,-0.754892349243164,NULL,NULL
78700,Large,36209,21.6348171234131,8.73934555053711,-31.8407516479492,-3.69671845436096,1.54618167877197,-0.713863432407379,NULL,NULL
78700,Large,36324,21.7630405426025,8.15876388549805,-35.9729614257813,-4.03654909133911,1.74960732460022,-0.83406138420105,NULL,NULL
78700,Large,36430,21.3500518798828,7.58673667907715,-38.0790061950684,-4.194091796875,1.73304736614227,-0.851323902606964,NULL,NULL
78700,Large,36536,21.1710548400879,8.34669494628906,-32.9148712158203,-3.72214317321777,1.39119720458984,-0.715460240840912,NULL,NULL
78700,Large,36648,23.2048492431641,8.74056529998779,-33.7410316467285,-3.77737808227539,1.58834218978882,-0.858890771865845,NULL,NULL
78700,Large,36755,22.8169345855713,7.33559083938599,-37.6451835632324,-4.057936668396,1.71294629573822,-0.987984120845795,NULL,NULL
78700,Large,36869,22.5402183532715,8.17183208465576,-34.2279930114746,-3.82119417190552,1.47555899620056,-0.919314026832581,NULL,NULL
78700,Large,36975,25.3381385803223,9.36949920654297,-32.7235260009766,-3.80571746826172,1.70919823646545,-1.06588971614838,NULL,NULL
78700,Large,37087,24.7059955596924,8.3251953125,-36.8616065979004,-4.13918495178223,1.68201792240143,-1.06821966171265,NULL,NULL
78700,Large,37193,25.2679176330566,7.98555469512939,-38.0126113891602,-4.21580028533936,1.79541897773743,-1.19738781452179,NULL,NULL
78700,Large,37300,26.8683242797852,9.13275146484375,-34.3262939453125,-3.97832417488098,1.86143207550049,-1.29447329044342,NULL,NULL
78700,Large,37414,26.350757598877,8.32813549041748,-35.9974365234375,-4.00535535812378,1.72556102275848,-1.19674503803253,NULL,NULL
78700,Large,37520,26.8270931243896,8.35892581939697,-36.3145751953125,-4.0179877281189,1.79864490032196,-1.27102482318878,NULL,NULL
78700,Large,37632,26.3490180969238,8.03620147705078,-34.8757438659668,-3.96587443351746,2.00709509849548,-1.32218706607819,NULL,NULL
78700,Large,37738,25.1457691192627,7.84551334381104,-33.6614379882813,-3.83617901802063,2.00423145294189,-1.14807569980621,NULL,NULL
78700,Large,37852,22.125883102417,6.53959846496582,-35.3556900024414,-3.96286249160767,1.85494041442871,-0.966157734394073,NULL,NULL
78700,Large,41143,25.7554702758789,6.35407733917236,-37.173828125,-3.96876645088196,2.15441107749939,-1.3492956161499,NULL,NULL
78700,Large,41249,22.6880645751953,7.89054918289185,-30.9385471343994,-3.54451847076416,1.70098567008972,-0.90089225769043,NULL,NULL
78700,Large,41356,21.3132038116455,6.04205656051636,-38.0304107666016,-4.05127191543579,1.83428549766541,-0.850119113922119,NULL,NULL
78700,Large,41470,21.0863056182861,6.9833927154541,-33.6115951538086,-3.69308352470398,1.62742066383362,-0.822544038295746,NULL,NULL
78700,Large,41576,22.3326206207275,7.83880043029785,-32.2044944763184,-3.62870144844055,1.65745937824249,-0.856403410434723,NULL,NULL
78700,Large,41688,23.0652179718018,7.31303071975708,-35.8296089172363,-3.89372611045837,1.85803604125977,-1.01143789291382,NULL,NULL
78700,Large,41794,23.574499130249,6.68903112411499,-36.1780395507813,-3.89276218414307,1.92460012435913,-1.1535222530365,NULL,NULL
78700,Large,41908,25.1659202575684,8.32904148101807,-31.441520690918,-3.57755899429321,1.78005039691925,-1.12988352775574,NULL,NULL
78700,Large,42015,26.1258773803711,8.04751491546631,-32.0176277160645,-3.65461277961731,1.84242522716522,-1.20306134223938,NULL,NULL
78700,Large,42121,26.2347736358643,6.30393600463867,-36.5064888000488,-3.89649105072021,2.00992727279663,-1.37878620624542,NULL,NULL
78700,Large,42233,25.726318359375,5.7437686920166,-33.1759567260742,-3.47048044204712,1.74271094799042,-1.34003436565399,NULL,NULL
78700,Large,42339,27.825403213501,6.71129941940308,-31.4183807373047,-3.39423799514771,1.88903141021729,-1.46251559257507,NULL,NULL
78700,Large,42453,27.3690567016602,6.28312635421753,-33.4941864013672,-3.53881812095642,1.80612599849701,-1.38486850261688,NULL,NULL
78700,Large,42560,26.641040802002,4.6923828125,-37.002498626709,-3.83503031730652,1.75025534629822,-1.39732313156128,NULL,NULL
78700,Large,42672,27.4081478118896,5.48068237304688,-34.872615814209,-3.72576498985291,1.87357616424561,-1.52178919315338,NULL,NULL
78700,Large,42778,27.1536846160889,6.47248077392578,-32.9045333862305,-3.67283535003662,2.11250734329224,-1.434077501297,NULL,NULL
78700,Large,42890,25.1220264434814,6.38277769088745,-35.3201522827148,-3.8788366317749,2.31628251075745,-1.28059780597687,NULL,NULL
78700,Large,42997,20.4208545684814,5.8501763343811,-34.751594543457,-3.76428914070129,1.63719880580902,-0.824188113212585,NULL,NULL
78700,Large,43103,21.0148754119873,7.36123943328857,-32.4238891601563,-3.63596177101135,1.57375621795654,-0.74822211265564,NULL,NULL
78700,Large,43215,20.3303050994873,6.27890729904175,-36.8088798522949,-3.93004202842712,1.62509715557098,-0.76671975851059,NULL,NULL
78700,Large,43327,21.2949180603027,7.01623725891113,-35.5956573486328,-3.87465453147888,1.64872145652771,-0.855382561683655,NULL,NULL
78700,Large,43434,21.4591236114502,8.72344875335693,-32.0603790283203,-3.67466974258423,1.38923609256744,-0.725022256374359,NULL,NULL
78700,Large,43541,22.8593235015869,9.02538299560547,-33.4225654602051,-3.80573582649231,1.57927203178406,-0.821730971336365,NULL,NULL
78700,Large,43662,22.7844734191895,7.66804552078247,-36.9931297302246,-3.98591065406799,1.71718144416809,-0.985744297504425,NULL,NULL
78700,Large,43762,22.8275814056396,7.62491416931152,-37.2869415283203,-4.04923677444458,1.66030037403107,-0.988130927085876,NULL,NULL
78700,Large,43868,25.0978088378906,10.1078042984009,-30.309549331665,-3.59821200370789,1.53246879577637,-1.0038994550705,NULL,NULL
78700,Large,43982,25.0469341278076,7.83513879776001,-35.9256057739258,-3.99714708328247,1.71998250484467,-1.16124022006989,NULL,NULL
78700,Large,44089,24.9654979705811,6.96541261672974,-36.4251098632813,-4.00710344314575,1.73894166946411,-1.27359235286713,NULL,NULL
78700,Large,44195,26.5963325500488,8.30419826507568,-31.7280616760254,-3.63490700721741,1.71778762340546,-1.342493891716,NULL,NULL
78700,Large,44307,27.8606662750244,8.32685089111328,-32.5957260131836,-3.67331409454346,1.78288698196411,-1.3647381067276,NULL,NULL
78700,Large,44419,26.9138336181641,7.24730348587036,-34.5731964111328,-3.81297922134399,1.74696052074432,-1.37403845787048,NULL,NULL
78700,Large,44526,27.9025440216064,6.84478664398193,-35.9142875671387,-3.9466187953949,1.99133443832397,-1.56348347663879,NULL,NULL
78700,Large,45396,22.8276290893555,9.37655258178711,-34.6834907531738,-3.96490573883057,1.48039126396179,-0.804924368858337,NULL,NULL
78700,Large,45508,22.9904918670654,7.80305194854736,-36.8432998657227,-4.0877685546875,1.58983385562897,-0.999884188175201,NULL,NULL
78700,Large,45615,23.469669342041,7.94419097900391,-32.796932220459,-3.70337080955505,1.42358875274658,-1.03075838088989,NULL,NULL
78700,Large,45729,24.9318008422852,9.11564636230469,-30.6570148468018,-3.60422301292419,1.40030479431152,-0.983921527862549,NULL,NULL
78700,Large,45835,25.3860645294189,7.99537181854248,-34.8453559875488,-3.85917949676514,1.55728352069855,-1.10677230358124,NULL,NULL
78700,Large,45947,24.2842235565186,6.0167064666748,-36.5505142211914,-3.88207697868347,1.55124545097351,-1.22164380550385,NULL,NULL
78700,Large,46053,24.5694999694824,7.80759239196777,-30.6769580841064,-3.47818994522095,1.35191869735718,-1.13687908649445,NULL,NULL
78700,Large,46167,25.6866359710693,7.55614185333252,-32.767276763916,-3.6368567943573,1.4635089635849,-1.12093186378479,NULL,NULL
78700,Large,46288,25.1676330566406,6.63829517364502,-36.3275108337402,-3.96554183959961,1.86432921886444,-1.19746601581573,NULL,NULL
78700,Large,46395,25.4222526550293,8.00910663604736,-35.6431121826172,-4.03696203231812,2.45196318626404,-1.22285115718842,NULL,NULL
78700,Large,46509,20.9750957489014,8.17007732391357,-32.377685546875,-3.71670317649841,1.5891261100769,-0.732479155063629,NULL,NULL
78700,Large,46615,20.5073776245117,8.88811206817627,-32.0657043457031,-3.7692391872406,1.46054518222809,-0.592336237430573,NULL,NULL
78700,Large,46727,20.1773357391357,7.47567939758301,-37.7609634399414,-4.10947036743164,1.63469767570496,-0.717596709728241,NULL,NULL
78700,Large,46833,19.4599514007568,7.53591251373291,-36.2014617919922,-3.98945689201355,1.39556562900543,-0.637681365013123,NULL,NULL
78700,Large,46947,20.6870651245117,9.90295886993408,-31.070520401001,-3.67729353904724,1.20850002765656,-0.5297611951828,NULL,NULL
78700,Large,47054,21.6983585357666,9.97357654571533,-32.547550201416,-3.87473821640015,1.35444128513336,-0.634605169296265,NULL,NULL
78700,Large,47160,21.1753616333008,7.97282409667969,-38.0558547973633,-4.23273992538452,1.51003134250641,-0.811236143112183,NULL,NULL
78700,Large,47272,22.4698162078857,9.71980571746826,-32.915470123291,-3.88791465759277,1.40701842308044,-0.806565463542938,NULL,NULL
78700,Large,47378,23.886890411377,10.3175668716431,-32.8326034545898,-3.91780185699463,1.45191740989685,-0.846453428268433,NULL,NULL
78700,Large,47492,23.6659545898438,8.95085430145264,-37.8558959960938,-4.31524515151978,1.61956369876862,-0.998228967189789,NULL,NULL
78700,Large,47599,23.6762771606445,9.83798027038574,-33.5072212219238,-3.84804153442383,1.42600417137146,-0.940057754516602,NULL,NULL
78700,Large,47705,25.6208839416504,10.7966070175171,-31.0258388519287,-3.62929272651672,1.49218916893005,-1.03887021541595,NULL,NULL
78700,Large,47817,26.9765338897705,10.6595659255981,-33.537281036377,-3.86557269096375,1.74517333507538,-1.21314406394958,NULL,NULL
78700,Large,47929,25.9363460540771,9.90528297424316,-33.9856948852539,-3.91329717636108,1.59401977062225,-1.17761254310608,NULL,NULL
78700,Large,48036,26.3036766052246,9.41825199127197,-34.5195198059082,-4.07589054107666,1.6707079410553,-1.29791164398193,NULL,NULL
78700,Large,48143,25.3261222839355,9.28168392181396,-33.9877738952637,-4.04539060592651,1.89074075222015,-1.1659015417099,NULL,NULL
78700,Large,48255,24.5440082550049,9.09945297241211,-34.3307991027832,-3.94819402694702,2.25716972351074,-1.09977900981903,NULL,NULL
78700,Large,48361,21.4824237823486,9.37249851226807,-32.5143432617188,-3.85183882713318,1.63530695438385,-0.731536626815796,NULL,NULL
78700,Large,48473,20.7306880950928,8.56158256530762,-35.6564025878906,-4.08776664733887,1.66096878051758,-0.703102052211761,NULL,NULL
78700,Large,48580,20.2154560089111,8.35515213012695,-35.1019973754883,-3.97136569023132,1.466463804245,-0.658800721168518,NULL,NULL
78700,Large,48694,21.7222595214844,9.67309856414795,-31.7366409301758,-3.73218870162964,1.41486763954163,-0.646375298500061,NULL,NULL
78700,Large,48800,21.9057903289795,9.48860454559326,-34.7687072753906,-3.94368743896484,1.5238162279129,-0.714823305606842,NULL,NULL
78700,Large,49016,22.6556243896484,9.84836959838867,-32.439567565918,-3.73541355133057,1.42223763465881,-0.819230735301971,NULL,NULL
78700,Large,49130,22.9083442687988,9.22208309173584,-36.4560089111328,-4.08080768585205,1.52573204040527,-0.844236433506012,NULL,NULL
78700,Large,49237,24.6909637451172,8.7368335723877,-38.2203025817871,-4.18021774291992,1.79122006893158,-1.11315631866455,NULL,NULL
78700,Large,49349,26.6981830596924,10.4907913208008,-31.8445854187012,-3.78701066970825,1.80134081840515,-1.22287714481354,NULL,NULL
78700,Large,49455,27.1989421844482,10.5931587219238,-31.5153751373291,-3.79802799224854,1.72500061988831,-1.22903907299042,NULL,NULL
78700,Large,49567,27.4717617034912,8.45635032653809,-36.3789863586426,-4.09045886993408,1.89545953273773,-1.40423762798309,NULL,NULL
78700,Large,49674,26.6280632019043,7.27095699310303,-34.6475982666016,-3.79928302764893,1.83504140377045,-1.4375011920929,NULL,NULL
78700,Large,49781,26.4827880859375,8.9067850112915,-32.1169319152832,-3.75187397003174,2.1140570640564,-1.28193807601929,NULL,NULL
78700,Large,49893,26.5373210906982,8.16314220428467,-35.2347145080566,-3.90441036224365,2.58351755142212,-1.3233734369278,NULL,NULL
78700,Large,49999,24.4393005371094,9.07125854492188,-33.2012481689453,-3.75372529029846,2.14455151557922,-1.05283272266388,NULL,NULL
78700,Large,50111,24.1216106414795,9.29081916809082,-33.321605682373,-3.79667019844055,2.01740312576294,-0.996914625167847,NULL,NULL
78700,Large,50218,24.7792549133301,8.69153594970703,-35.7856903076172,-3.92394661903381,2.09058141708374,-1.09214758872986,NULL,NULL
78700,Large,50332,22.8996887207031,7.8785719871521,-36.0026206970215,-3.88497257232666,1.77997124195099,-0.972406446933746,NULL,NULL
78700,Large,50438,21.7833995819092,8.77619934082031,-32.3716125488281,-3.65560722351074,1.36616253852844,-0.77965122461319,NULL,NULL
78700,Large,50550,23.0363368988037,9.62275886535645,-33.0277061462402,-3.78095030784607,1.48048543930054,-0.783876776695251,NULL,NULL
78700,Large,50656,22.7364521026611,7.72002363204956,-37.7950248718262,-4.0210976600647,1.59607899188995,-0.914367258548737,NULL,NULL
78700,Large,50770,23.0444393157959,9.03383445739746,-31.0842590332031,-3.54897046089172,1.35230243206024,-0.91229772567749,NULL,NULL
78700,Large,50877,24.624792098999,10.3226900100708,-29.6781253814697,-3.51247406005859,1.4302225112915,-0.965081334114075,NULL,NULL
78700,Large,50983,24.7191562652588,8.51738357543945,-36.5925750732422,-3.98914694786072,1.60460042953491,-1.0344409942627,NULL,NULL
78700,Large,51095,24.487720489502,8.47176933288574,-33.7949981689453,-3.75598764419556,1.50221872329712,-1.11918127536774,NULL,NULL
78700,Large,51201,26.097297668457,10.2696962356567,-29.0879135131836,-3.42509484291077,1.48697447776794,-1.13475048542023,NULL,NULL
78700,Large,59078,24.9447898864746,9.07087230682373,-34.136905670166,-3.82467675209045,2.03327941894531,-1.10186672210693,NULL,NULL
78700,Large,59192,25.9562454223633,9.04550170898438,-33.922679901123,-3.78830146789551,2.10419583320618,-1.21619832515717,NULL,NULL
78700,Large,59299,27.5716228485107,8.6438159942627,-33.8969383239746,-3.70567893981934,2.22008156776428,-1.38252854347229,NULL,NULL
78700,Large,59419,28.2281131744385,8.45195865631104,-33.6442451477051,-3.66858673095703,2.21355366706848,-1.45249176025391,NULL,NULL
78700,Large,59519,27.3689422607422,7.8192081451416,-33.9634666442871,-3.64455795288086,1.98177552223206,-1.36434042453766,NULL,NULL
78700,Large,59625,27.9297523498535,7.98183870315552,-33.0433197021484,-3.54490089416504,1.97138035297394,-1.40841460227966,NULL,NULL
78700,Large,59739,28.7264347076416,7.80899906158447,-33.770378112793,-3.59055590629578,2.06393361091614,-1.50806522369385,NULL,NULL
78700,Large,59846,26.4212894439697,7.7533860206604,-34.3161964416504,-3.70258474349976,1.75928127765656,-1.25939452648163,NULL,NULL
78700,Large,59952,25.7133178710938,8.39583396911621,-33.3414039611816,-3.76765727996826,2.02115440368652,-1.19200909137726,NULL,NULL
78700,Large,60064,24.1764850616455,8.59128379821777,-33.747200012207,-3.84458446502686,2.31425142288208,-1.05973172187805,NULL,NULL
78700,Large,60170,20.1099720001221,7.77212715148926,-34.7561416625977,-3.8357527256012,1.77792835235596,-0.658830761909485,NULL,NULL
78700,Large,60284,18.9932193756104,8.18244934082031,-33.6306266784668,-3.79965806007385,1.49099159240723,-0.519202291965485,NULL,NULL
78700,Large,60391,18.3831233978271,7.99354696273804,-35.9555702209473,-3.98793506622314,1.46534836292267,-0.468945056200027,NULL,NULL
78700,Large,60497,17.8097057342529,8.94744205474854,-33.0088539123535,-3.79479479789734,1.17171037197113,-0.323246270418167,NULL,NULL
78700,Large,60609,18.7119617462158,8.76177787780762,-35.4637336730957,-4.0298171043396,1.3675274848938,-0.451445639133453,NULL,NULL
78700,Large,60721,18.163236618042,7.71842622756958,-37.7473564147949,-4.17143869400024,1.35042536258698,-0.493087232112885,NULL,NULL
78700,Large,60828,19.1646518707275,9.44076156616211,-30.8278751373291,-3.55131053924561,1.00709056854248,-0.403931826353073,NULL,NULL
78700,Large,60935,20.0928859710693,9.19843673706055,-34.9803581237793,-3.93463444709778,1.28016698360443,-0.542723476886749,NULL,NULL
78700,Large,61047,20.0142650604248,8.4295015335083,-34.9993209838867,-3.85595917701721,1.27433657646179,-0.638051509857178,NULL,NULL
78700,Large,61153,21.7209224700928,10.4761581420898,-29.7893028259277,-3.54255104064941,1.15297222137451,-0.627831697463989,NULL,NULL
78700,Large,61265,22.232629776001,8.44859313964844,-37.9528846740723,-4.14283657073975,1.50553047657013,-0.834129512310028,NULL,NULL
78700,Large,61372,21.713436126709,8.42478466033936,-36.3496055603027,-4.0260796546936,1.35208737850189,-0.81982809305191,NULL,NULL
78700,Large,61486,23.9055652618408,11.2522411346436,-29.1119823455811,-3.52696108818054,1.24183547496796,-0.809378087520599,NULL,NULL
78700,Large,61592,24.6179027557373,9.72151660919189,-34.3835525512695,-3.88305425643921,1.47021758556366,-0.942465901374817,NULL,NULL
78700,Large,61704,24.2814903259277,8.02312183380127,-36.5870323181152,-3.94128465652466,1.54585874080658,-1.09544205665588,NULL,NULL
78700,Large,61810,25.5335235595703,9.99820804595947,-30.1079158782959,-3.53418397903442,1.58623290061951,-1.14732086658478,NULL,NULL
78700,Large,61917,25.8169593811035,9.32543849945068,-34.4865036010742,-3.95489597320557,2.11199259757996,-1.12175118923187,NULL,NULL
78700,Large,62045,23.5189743041992,8.85894870758057,-34.9685707092285,-4.01064777374268,2.27483463287354,-1.01439321041107,NULL,NULL
78700,Large,62152,21.1099853515625,8.02820491790771,-37.9973411560059,-4.1883397102356,1.89620208740234,-0.779808700084686,NULL,NULL
78700,Large,62266,21.3447227478027,9.86048316955566,-31.3161659240723,-3.75439119338989,1.52414894104004,-0.642915189266205,NULL,NULL
78700,Large,62372,21.4120140075684,9.71284580230713,-32.6056365966797,-3.85445475578308,1.53232622146606,-0.636423468589783,NULL,NULL
78700,Large,62484,20.5092716217041,7.90211534500122,-38.2920265197754,-4.25240755081177,1.69432580471039,-0.770389139652252,NULL,NULL
78700,Large,62590,20.5396156311035,8.47512245178223,-34.7026214599609,-3.92307162284851,1.43976151943207,-0.692301452159882,NULL,NULL
78700,Large,62697,21.4332656860352,9.83906650543213,-31.7822113037109,-3.7413215637207,1.2938756942749,-0.601845264434814,NULL,NULL
78700,Large,62811,21.9970607757568,8.4056568145752,-37.3603057861328,-4.13809442520142,1.63655340671539,-0.866078555583954,NULL,NULL
78700,Large,62917,22.1016807556152,8.50343990325928,-36.6406173706055,-4.06754159927368,1.57250678539276,-0.891048610210419,NULL,NULL
78700,Large,48916,21.3315391540527,8.63422298431396,-36.2234992980957,-4.04275751113892,1.47378754615784,-0.771851539611816,NULL,NULL
78700,Large,51315,26.4747200012207,8.62271499633789,-36.5056266784668,-3.96000146865845,1.65022301673889,-1.18611776828766,NULL,NULL
78700,Large,51422,26.3624572753906,7.86320161819458,-37.3373565673828,-4.02515172958374,1.78594148159027,-1.27957367897034,NULL,NULL
78700,Large,51541,25.4678821563721,9.40525150299072,-31.5028057098389,-3.74660491943359,1.87918674945831,-1.23225069046021,NULL,NULL
78700,Large,51641,23.9762153625488,8.8904857635498,-31.4807052612305,-3.74656844139099,1.8759263753891,-1.04933977127075,NULL,NULL
78700,Large,51747,23.2173080444336,6.94769477844238,-36.2150650024414,-3.98531341552734,2.03362584114075,-1.0562424659729,NULL,NULL
78700,Large,51861,23.4813613891602,8.7696418762207,-31.2165088653564,-3.60909008979797,1.83234524726868,-0.95229709148407,NULL,NULL
78700,Large,51968,23.2711944580078,9.02148151397705,-33.2100868225098,-3.79428577423096,1.83202421665192,-0.888379633426666,NULL,NULL
78700,Large,52074,22.5012817382813,7.90914726257324,-37.0448989868164,-4.0640172958374,1.88122880458832,-0.946880578994751,NULL,NULL
78700,Large,52186,23.5566177368164,9.77580547332764,-31.3739490509033,-3.6857373714447,1.65879952907562,-0.868954002857208,NULL,NULL
78700,Large,52292,24.2179527282715,9.93667507171631,-32.5068054199219,-3.78263664245605,1.69849073886871,-0.893298506736755,NULL,NULL
78700,Large,52406,23.8326416015625,8.86819744110107,-37.3539962768555,-4.20144939422607,1.88249337673187,-1.0397869348526,NULL,NULL
78700,Large,52513,24.12619972229,9.61868667602539,-34.209831237793,-3.89284205436707,1.70849013328552,-1.03139090538025,NULL,NULL
78700,Large,52625,25.5791435241699,10.8606338500977,-30.9217777252197,-3.63602662086487,1.62030780315399,-0.977759003639221,NULL,NULL
78700,Large,52731,26.4849967956543,10.2829866409302,-33.9160614013672,-3.88580965995789,1.85671043395996,-1.16664707660675,NULL,NULL
78700,Large,52843,25.60618019104,9.50175380706787,-34.5337982177734,-3.90305709838867,1.7536016702652,-1.21835291385651,NULL,NULL
78700,Large,52950,26.0902919769287,10.3475923538208,-31.7743186950684,-3.76660871505737,1.63556814193726,-1.18597376346588,NULL,NULL
78700,Large,53057,27.5839347839355,10.5867624282837,-32.2785186767578,-3.81564950942993,1.75162148475647,-1.2419228553772,NULL,NULL
78700,Large,53169,26.6921558380127,8.58544540405273,-35.5062141418457,-3.9810836315155,1.7790299654007,-1.37136936187744,NULL,NULL
78700,Large,53275,26.0486507415771,8.33650302886963,-34.1857032775879,-3.96876740455627,1.74925315380096,-1.36018598079681,NULL,NULL
78700,Large,53387,26.7997035980225,9.00587368011475,-32.4300956726074,-3.869553565979,1.892373919487,-1.31617307662964,NULL,NULL
78700,Large,53494,25.1169872283936,7.06780815124512,-35.523609161377,-4.06923532485962,1.96200931072235,-1.23282122612,NULL,NULL
78700,Large,53608,23.5980281829834,6.86249542236328,-33.1857452392578,-3.78741788864136,1.87669253349304,-1.17131698131561,NULL,NULL
78700,Large,53714,25.2579555511475,7.59300804138184,-32.6305885314941,-3.769775390625,2.09392166137695,-1.25858080387115,NULL,NULL
78700,Large,53826,25.4969787597656,6.79879808425903,-35.5244941711426,-3.90711092948914,2.17824769020081,-1.31556987762451,NULL,NULL
78700,Large,53932,24.8943252563477,6.65737962722778,-35.4591293334961,-3.90420055389404,2.02481508255005,-1.27887082099915,NULL,NULL
78700,Large,54039,25.4190349578857,8.14244556427002,-32.1421585083008,-3.65027904510498,1.85469007492065,-1.18308293819427,NULL,NULL
78700,Large,54168,24.967622756958,7.16527414321899,-34.9780006408691,-3.78887701034546,1.88410413265228,-1.19452130794525,NULL,NULL
78700,Large,54275,27.1662921905518,8.52323913574219,-32.5462036132813,-3.71184468269348,1.97074735164642,-1.28019046783447,NULL,NULL
78700,Large,54389,26.6829605102539,6.91368293762207,-37.3010406494141,-4.0261607170105,2.07492136955261,-1.4217164516449,NULL,NULL
78700,Large,54495,26.3750247955322,7.7855052947998,-35.3591079711914,-3.94479966163635,1.95413494110107,-1.36135399341583,NULL,NULL
78700,Large,54601,27.9867115020752,9.10173892974854,-31.9567317962646,-3.7328405380249,1.91593313217163,-1.34066390991211,NULL,NULL
78700,Large,54713,27.0921688079834,7.01331281661987,-37.7107353210449,-4.12658357620239,1.90757071971893,-1.41596806049347,NULL,NULL
78700,Large,54820,27.292366027832,7.79410552978516,-35.4279937744141,-3.98749923706055,1.93317568302155,-1.44712543487549,NULL,NULL
78700,Large,54934,29.0209426879883,9.18614101409912,-32.9559631347656,-3.88710308074951,2.09765863418579,-1.49567675590515,NULL,NULL
78700,Large,55040,28.0922470092773,8.33975124359131,-34.3249435424805,-3.89142274856567,2.04596829414368,-1.4098687171936,NULL,NULL
78700,Large,55152,24.4060325622559,6.99045515060425,-34.9073028564453,-3.97354316711426,1.88313579559326,-1.2019031047821,NULL,NULL
78700,Large,55258,24.316873550415,7.06379652023315,-32.6632919311523,-3.68274664878845,1.91747057437897,-1.14145731925964,NULL,NULL
78700,Large,55365,24.1589126586914,6.15322351455688,-35.398078918457,-3.85625004768372,2.05647087097168,-1.18971538543701,NULL,NULL
78700,Large,55479,24.0134162902832,6.63191938400269,-33.25390625,-3.63753175735474,1.92381274700165,-1.16390264034271,NULL,NULL
78700,Large,55585,25.2582244873047,7.51803827285767,-32.7861785888672,-3.64875483512878,1.99803721904755,-1.20954954624176,NULL,NULL
78700,Large,55697,24.9645080566406,6.28738975524902,-35.8006782531738,-3.77690482139587,2.04622268676758,-1.26957178115845,NULL,NULL
78700,Large,55803,25.1962394714355,6.34138154983521,-34.2115669250488,-3.61315083503723,1.92239439487457,-1.28105485439301,NULL,NULL
78700,Large,55917,26.5306606292725,7.88028192520142,-31.8688106536865,-3.51898097991943,1.9182403087616,-1.27622306346893,NULL,NULL
78700,Large,56024,26.1976699829102,7.27051877975464,-35.148796081543,-3.78300166130066,1.92877113819122,-1.27462482452393,NULL,NULL
78700,Large,56130,25.6132125854492,6.41489505767822,-35.2507400512695,-3.75167679786682,1.84901201725006,-1.31594514846802,NULL,NULL
78700,Large,56266,27.6539287567139,8.61298656463623,-30.5545845031738,-3.44837212562561,1.85793268680573,-1.34636580944061,NULL,NULL
78700,Large,56348,27.5326061248779,7.90764045715332,-34.1336250305176,-3.72492694854736,1.87018609046936,-1.34588873386383,NULL,NULL
78700,Large,56462,27.2681293487549,6.57837915420532,-36.3984031677246,-3.82354831695557,1.94933700561523,-1.49568498134613,NULL,NULL
78700,Large,56569,26.9765682220459,8.06484985351563,-32.2445793151855,-3.56376671791077,1.85821568965912,-1.41150534152985,NULL,NULL
78700,Large,56681,26.61865234375,8.55969619750977,-31.5438137054443,-3.60579991340637,1.91770732402802,-1.2170284986496,NULL,NULL
78700,Large,56793,24.4299507141113,6.27995777130127,-37.2515144348145,-3.91031885147095,2.00374531745911,-1.12029635906219,NULL,NULL
78700,Large,56899,21.7146091461182,6.60124349594116,-34.6195983886719,-3.78542280197144,1.80392909049988,-0.92229437828064,NULL,NULL
78700,Large,57006,21.5027084350586,7.99088382720947,-32.3374824523926,-3.67448282241821,1.62541031837463,-0.758096933364868,NULL,NULL
78700,Large,57113,21.1994743347168,7.01845359802246,-36.5453605651855,-3.95983099937439,1.73839962482452,-0.827265739440918,NULL,NULL
78700,Large,57225,22.485481262207,7.45100021362305,-33.6938896179199,-3.71092987060547,1.71518933773041,-0.93250435590744,NULL,NULL
78700,Large,57331,22.9047374725342,8.23354148864746,-31.8733940124512,-3.61130404472351,1.59303271770477,-0.884810924530029,NULL,NULL
78700,Large,57443,23.7346229553223,7.93430185317993,-34.915828704834,-3.88728165626526,1.7528030872345,-1.01490199565887,NULL,NULL
78700,Large,57550,23.474193572998,7.18684959411621,-35.7788963317871,-3.88181400299072,1.70496380329132,-1.05142939090729,NULL,NULL
78700,Large,57664,23.3652935028076,7.53383922576904,-32.9863204956055,-3.61906433105469,1.50857675075531,-0.992648839950562,NULL,NULL
78700,Large,57770,24.7863464355469,8.17606353759766,-32.1246109008789,-3.5888295173645,1.58620488643646,-1.09034025669098,NULL,NULL
78700,Large,57882,25.5304546356201,7.80617570877075,-34.4037208557129,-3.71956300735474,1.70783185958862,-1.18336451053619,NULL,NULL
78700,Large,57988,25.065616607666,6.98152351379395,-35.8057441711426,-3.85724687576294,1.67297530174255,-1.21624708175659,NULL,NULL
78700,Large,58095,26.1706027984619,8.32527732849121,-32.4377937316895,-3.63891220092773,1.65205419063568,-1.25562107563019,NULL,NULL
78700,Large,58209,27.0041351318359,8.45314311981201,-32.5085792541504,-3.63811826705933,1.74129271507263,-1.28567707538605,NULL,NULL
78700,Large,58315,27.2350902557373,8.03189277648926,-34.8720703125,-3.8357880115509,1.91095590591431,-1.33691847324371,NULL,NULL
78700,Large,58427,25.6137504577637,7.69431209564209,-34.3736610412598,-3.90800714492798,2.21495223045349,-1.32062077522278,NULL,NULL
78700,Large,58533,23.1294250488281,8.59219741821289,-32.3459510803223,-3.73378658294678,1.95474886894226,-0.919554710388184,NULL,NULL
78700,Large,58647,20.9248390197754,7.67000198364258,-35.1583862304688,-3.83917021751404,1.80604684352875,-0.710307061672211,NULL,NULL
78700,Large,58754,21.2671756744385,8.45039463043213,-34.1157722473145,-3.82257747650146,1.74316608905792,-0.73084545135498,NULL,NULL
78700,Large,58860,22.4707870483398,9.0479679107666,-33.0262222290039,-3.78828597068787,1.77632820606232,-0.828626275062561,NULL,NULL
78700,Large,58972,23.5022830963135,8.64627552032471,-34.4958457946777,-3.86218547821045,1.92598021030426,-0.966274976730347,NULL,NULL
78700,Large,63029,23.5235786437988,10.3740997314453,-30.3400192260742,-3.59471297264099,1.3096718788147,-0.805964946746826,NULL,NULL
78700,Large,63135,24.7351856231689,10.6419372558594,-30.9894180297852,-3.69612550735474,1.45423579216003,-0.907972872257233,NULL,NULL
78700,Large,63249,24.3052940368652,8.78959178924561,-35.7083702087402,-3.89933276176453,1.66731774806976,-1.12361514568329,NULL,NULL
78700,Large,63356,23.4737911224365,8.35180950164795,-35.1185417175293,-3.86471128463745,1.4069539308548,-1.03518319129944,NULL,NULL
78700,Large,63462,26.1319847106934,10.3740224838257,-31.6579971313477,-3.72396111488342,1.56456518173218,-1.13027596473694,NULL,NULL
78700,Large,63574,24.8976669311523,9.2784948348999,-34.382266998291,-3.84320902824402,1.51221597194672,-1.09056198596954,NULL,NULL
78700,Large,63680,25.2006378173828,8.60150718688965,-35.7017631530762,-4.08088207244873,1.73626708984375,-1.22262454032898,NULL,NULL
78700,Large,63794,25.2564086914063,9.79079818725586,-32.6034660339355,-3.82574892044067,2.00550961494446,-1.12522840499878,NULL,NULL
78700,Large,63901,23.1019649505615,8.81447696685791,-35.1747055053711,-3.99493789672852,2.00377416610718,-0.896571755409241,NULL,NULL
78700,Large,64007,21.7761878967285,9.56913375854492,-32.0901374816895,-3.71894836425781,1.68118238449097,-0.739646852016449,NULL,NULL
78700,Large,64119,22.8164176940918,9.50391292572021,-34.4725799560547,-3.94757223129272,1.96438193321228,-0.85563737154007,NULL,NULL
78700,Large,64231,21.9164733886719,8.62196063995361,-35.3805351257324,-3.88417196273804,1.82729148864746,-0.831061184406281,NULL,NULL
78700,Large,64338,23.1424388885498,9.7665491104126,-31.570972442627,-3.63153982162476,1.65918707847595,-0.847701251506805,NULL,NULL
78700,Large,64445,24.4457988739014,9.78211307525635,-34.8598785400391,-3.97568082809448,1.93307673931122,-1.00544428825378,NULL,NULL
78700,Large,64557,24.6360664367676,9.52532196044922,-34.8338432312012,-3.97627735137939,1.8697966337204,-1.08536088466644,NULL,NULL
78700,Large,69142,23.8273391723633,7.01555871963501,-33.680721282959,-3.74602842330933,1.88704264163971,-1.18788146972656,NULL,NULL
78700,Large,69249,25.1313877105713,7.67974376678467,-32.0399360656738,-3.6376965045929,2.02684140205383,-1.23388838768005,NULL,NULL
78700,Large,69363,25.3646030426025,6.98773527145386,-35.0174751281738,-3.82983875274658,2.15505981445313,-1.26558363437653,NULL,NULL
78700,Large,69469,25.3098659515381,6.82873868942261,-35.2905654907227,-3.80153369903564,2.14609241485596,-1.28908324241638,NULL,NULL
78700,Large,64671,24.4085140228271,9.72976112365723,-30.4638862609863,-3.54870557785034,1.45040392875671,-0.975026309490204,NULL,NULL
78700,Large,64777,23.3622417449951,9.54920959472656,-29.7953968048096,-3.43320178985596,1.17871904373169,-0.807014346122742,NULL,NULL
78700,Large,64884,21.0332717895508,6.84588718414307,-39.2775917053223,-4.10130643844604,1.14856362342834,-0.768297553062439,NULL,NULL
78700,Large,64991,22.2318840026855,8.6467227935791,-31.6157760620117,-3.57574892044067,1.07295334339142,-0.809587180614471,NULL,NULL
78700,Large,65103,22.773588180542,8.87515544891357,-33.5299911499023,-3.77381420135498,1.11465907096863,-0.78639680147171,NULL,NULL
78700,Large,65209,22.0904140472412,7.09314060211182,-38.2861824035645,-4.08283758163452,1.19110929965973,-0.864478647708893,NULL,NULL
78700,Large,65321,22.8927745819092,9.09166812896729,-31.3236560821533,-3.71706676483154,1.44508266448975,-0.928644299507141,NULL,NULL
78700,Large,65428,25.017822265625,9.3339319229126,-33.5562133789063,-3.97396492958069,2.1720507144928,-1.12933135032654,NULL,NULL
78700,Large,65542,23.9810314178467,8.76815319061279,-34.2895584106445,-3.98104953765869,2.2306501865387,-1.05732417106628,NULL,NULL
78700,Large,65648,23.5392627716064,8.81649017333984,-33.3330917358398,-3.80936217308044,2.03848481178284,-1.0021675825119,NULL,NULL
78700,Large,65754,23.7180919647217,8.15327548980713,-35.4871406555176,-3.91780948638916,2.08659315109253,-1.03469896316528,NULL,NULL
78700,Large,65866,21.8064498901367,7.697340965271,-34.7585525512695,-3.76727676391602,1.70062279701233,-0.847512125968933,NULL,NULL
78700,Large,65973,22.7697811126709,9.75315952301025,-31.1474571228027,-3.60971617698669,1.56794059276581,-0.782318413257599,NULL,NULL
78700,Large,66087,22.7381610870361,8.21074390411377,-36.9105110168457,-3.99252128601074,1.79291844367981,-0.883138298988342,NULL,NULL
78700,Large,66193,22.0553760528564,7.95407485961914,-36.4757537841797,-3.92373585700989,1.64588868618011,-0.864133656024933,NULL,NULL
78700,Large,66305,24.2963714599609,10.7766313552856,-30.2830638885498,-3.61541962623596,1.58687615394592,-0.857626974582672,NULL,NULL
78700,Large,66411,24.4708976745605,9.33272552490234,-35.8174591064453,-3.9407274723053,1.75697326660156,-0.958245754241943,NULL,NULL
78700,Large,66525,23.7184181213379,8.64812660217285,-34.9201049804688,-3.81449103355408,1.6455911397934,-1.00169599056244,NULL,NULL
78700,Large,66632,25.4942092895508,10.5787649154663,-29.8777713775635,-3.50804662704468,1.61460363864899,-1.03381538391113,NULL,NULL
78700,Large,66738,25.9319934844971,9.372145652771,-35.3715896606445,-3.86596727371216,1.74921858310699,-1.07354414463043,NULL,NULL
78700,Large,66850,25.442268371582,8.46839714050293,-35.3952751159668,-3.86566686630249,1.72151470184326,-1.20694661140442,NULL,NULL
78700,Large,66956,27.3668651580811,11.1569976806641,-29.4682712554932,-3.52298092842102,1.71646440029144,-1.21166336536407,NULL,NULL
78700,Large,67070,26.9188365936279,8.86462116241455,-36.4071235656738,-3.95519185066223,1.77985715866089,-1.22670257091522,NULL,NULL
78700,Large,67177,26.1768035888672,7.20200729370117,-38.5013198852539,-4.06316804885864,1.8517382144928,-1.32362484931946,NULL,NULL
78700,Large,67296,26.2133140563965,8.93395900726318,-29.8218154907227,-3.4612135887146,1.79963183403015,-1.2866415977478,NULL,NULL
78700,Large,67396,25.3005180358887,8.40413570404053,-30.5327415466309,-3.53572654724121,1.85401582717896,-1.16957879066467,NULL,NULL
78700,Large,67502,24.5782032012939,6.61502504348755,-36.14111328125,-3.93212723731995,2.12035322189331,-1.24975478649139,NULL,NULL
78700,Large,67616,25.8351440429688,8.23845386505127,-31.9558887481689,-3.63240766525269,2.14641976356506,-1.2697229385376,NULL,NULL
78700,Large,67723,26.3871536254883,8.06181907653809,-33.3735427856445,-3.71891021728516,2.22727465629578,-1.29915130138397,NULL,NULL
78700,Large,67829,27.3211116790771,7.57563400268555,-36.0772361755371,-3.92112731933594,2.42378759384155,-1.47576355934143,NULL,NULL
78700,Large,67941,26.0492992401123,8.18848323822021,-33.5436706542969,-3.69871211051941,2.01432847976685,-1.25841498374939,NULL,NULL
78700,Large,68053,25.2812404632568,8.74251365661621,-32.1605911254883,-3.59909296035767,1.76718854904175,-1.06741786003113,NULL,NULL
78700,Large,68160,26.0190677642822,8.91848754882813,-32.7671585083008,-3.68668389320374,1.86127066612244,-1.14208590984344,NULL,NULL
78700,Large,68267,26.0784587860107,8.02495098114014,-36.232738494873,-3.93984055519104,2.00025343894959,-1.28298330307007,NULL,NULL
78700,Large,68379,26.2772197723389,8.90922737121582,-33.5633888244629,-3.81938743591309,1.84847152233124,-1.2350959777832,NULL,NULL
78700,Large,68485,28.3537120819092,10.4693374633789,-31.5227279663086,-3.70655584335327,1.95411574840546,-1.31738483905792,NULL,NULL
78700,Large,68597,27.9127540588379,10.0564594268799,-34.2411346435547,-3.97524976730347,1.97730374336243,-1.33276438713074,NULL,NULL
78700,Large,68704,27.6899948120117,9.22303771972656,-36.1528511047363,-4.06597375869751,2.01022267341614,-1.39354109764099,NULL,NULL
78700,Large,68818,28.2554817199707,9.6768684387207,-33.3680801391602,-3.85680341720581,2.02433085441589,-1.45270073413849,NULL,NULL
78700,Large,68924,26.5617427825928,9.33814430236816,-31.5446109771729,-3.70854687690735,1.85607969760895,-1.29306483268738,NULL,NULL
78700,Large,69030,25.7344951629639,7.9860987663269,-34.6607513427734,-3.90373110771179,1.93628597259521,-1.21002435684204,NULL,NULL
